Topic,Site_Url,Pillar Post Title,Pillar Post Dimesion,Pillar Post Url,Keyword Cluster,Keyword,Language,Used,API Key,Status,Post_Url,Post_ID,Human_Context
Joaillerie,https://www.joaillerie-et-symbolique.com/,L'Encyclopédie des Symboles,Langage des Doigts,https://www.joaillerie-et-symbolique.com/le-langage-des-doigts-et-lautorite/,Symbolisme des bagues par doigt,signification bague index,français,USED,NSU1wehu6rTvY0dOr0XTFgXR,USED,https://www.joaillerie-et-symbolique.com/signification-bague-index/,2155,
Joaillerie,https://www.joaillerie-et-symbolique.com/,L'Encyclopédie des Symboles,Langage des Doigts,https://www.joaillerie-et-symbolique.com/le-langage-des-doigts-et-lautorite/,Symbolisme des bagues par doigt,bague au pouce signification psychologique,français,USED,NSU1wehu6rTvY0dOr0XTFgXR,USED,https://www.joaillerie-et-symbolique.com/bague-pouce-signification-psychologique/,2093,
Joaillerie,https://www.joaillerie-et-symbolique.com/,L'Encyclopédie des Symboles,Langage des Doigts,https://www.joaillerie-et-symbolique.com/le-langage-des-doigts-et-lautorite/,Symbolisme des bagues par doigt,porter une bague au petit doigt,français,USED,NSU1wehu6rTvY0dOr0XTFgXR,USED,https://www.joaillerie-et-symbolique.com/porter-bague-petit-doigt-signification/,2151,
Joaillerie,https://www.joaillerie-et-symbolique.com/,L'Encyclopédie des Symboles,Langage des Doigts,https://www.joaillerie-et-symbolique.com/le-langage-des-doigts-et-lautorite/,Symbolisme des bagues par doigt,signification alliance main droite,français,USED,NSU1wehu6rTvY0dOr0XTFgXR,USED,https://www.joaillerie-et-symbolique.com/wedding-ring-right-hand/,1861,
Joaillerie,https://www.joaillerie-et-symbolique.com/,L'Encyclopédie des Symboles,Langage des Doigts,https://www.joaillerie-et-symbolique.com/le-langage-des-doigts-et-lautorite/,Symbolisme des bagues par doigt,bague médius signification spirituelle,français,USED,NSU1wehu6rTvY0dOr0XTFgXR,USED,https://www.joaillerie-et-symbolique.com/bague-medius-signification-spirituelle/,2050,
Joaillerie,https://www.joaillerie-et-symbolique.com/,L'Encyclopédie des Symboles,Langage des Doigts,https://www.joaillerie-et-symbolique.com/le-langage-des-doigts-et-lautorite/,Signification des Doigts,signification bague doigt,français,USED,NSU1wehu6rTvY0dOr0XTFgXR,USED,https://www.joaillerie-et-symbolique.com/signification-bague-doigt-guide-symbolique/,2210,
Joaillerie,https://www.joaillerie-et-symbolique.com/,L'Encyclopédie des Symboles,Langage des Doigts,https://www.joaillerie-et-symbolique.com/le-langage-des-doigts-et-lautorite/,Signification des Doigts,signification bague pouce,français,USED,NSU1wehu6rTvY0dOr0XTFgXR,USED,https://www.joaillerie-et-symbolique.com/signification-bague-pouce/,2214,
Joaillerie,https://www.joaillerie-et-symbolique.com/,L'Encyclopédie des Symboles,Langage des Doigts,https://www.joaillerie-et-symbolique.com/le-langage-des-doigts-et-lautorite/,Signification des Doigts,bague auriculaire signification,français,USED,NSU1wehu6rTvY0dOr0XTFgXR,USED,https://www.joaillerie-et-symbolique.com/bague-auriculaire-signification-pouvoir-intuition/,2219,
Joaillerie,https://www.joaillerie-et-symbolique.com/,L'Encyclopédie des Symboles,Énergie des Pierres,https://www.joaillerie-et-symbolique.com/lenergie-des-pierres-et-la-guerison/,Vertus spirituelles des pierres,pouvoir des pierres precieuses,français,USED,NSU1wehu6rTvY0dOr0XTFgXR,USED,https://www.joaillerie-et-symbolique.com/pouvoir-des-pierres-precieuses-experience-sceptique/,2284,"觸發：在看了復仇者聯盟之後，我對於所謂的「寶石能量」感到十分好奇，這世上是否真的存在著蘊含能裡的寶石。
痛點：遺憾的是，我不是個有錢人，而很多寶石的價格我根本買不起。
細節：但好在，我找到了一個中國網站「淘寶」，裡面有許多價格便宜的寶石，還附上鑑定證書。中國的鑑定證書是官方機構認證的嗎？我不知道，但我也不在乎，反正也只是好奇玩玩，於是我買了一個小的翡翠項鏈。
結論：在佩戴一陣子之後，我幾乎可以肯定，所謂的「寶石能量」並沒有任何的依據。
證據：我的每一天過得跟之前差不多，唯一有區別的，是當我煩悶的時候，手上多了一個可以把玩的東西，以及有些朋友看到我佩戴項鍊之後會開始和我討論相關的話題。所以要我說，這東西就像是個高級版的紓壓球，它確實可以幫助平穩你的情緒，即使這和所謂的「能量」沒有半點關聯。但其實所有的精神安撫或許本質上都是這樣的，紓壓球如此、翡翠如此、十字架也是如此，這些提供的都是所謂「心靈上的慰藉」。"
Joaillerie,https://www.joaillerie-et-symbolique.com/,L'Encyclopédie des Symboles,Énergie des Pierres,https://www.joaillerie-et-symbolique.com/lenergie-des-pierres-et-la-guerison/,Vertus spirituelles des pierres,pierre de lune signification spirituelle,français,USED,NSU1wehu6rTvY0dOr0XTFgXR,USED,https://www.joaillerie-et-symbolique.com/pierre-de-lune-signification-spirituelle-crise-carriere/,2270,"觸發：我有個朋友，本來是做平面設計與美術的，因為最近的AI浪潮被解僱了。雖然她表面上不以為意，一副「正好可以展開」新生活的態度。
痛點：她說她一直想去開一間純素食餐車，烹飪才是她近幾年真正的愛好，而他觀察到在她生活的地區，幾乎沒有什麼好吃的純素食餐點。
細節：可從她的頻繁的手上小動作，以及那比平時更多的喝水量，我看得出他的心裡其實是相當焦躁不安的。
結論：出於祝他好運並順利開啟新人生的祝福，我送了他一個月光石的項鏈。畢竟傳說中，月光石可以開啟「第三眼脈輪」，讓人對未來的直覺更加靈敏，適合在人生轉捩點時佩戴。我知道這純屬迷信，不過有時候，禮物的意義在於祝福，而非實際能帶來的價值。
證據：後來，她的新餐車生意還算不錯，顧客的評價都還算滿意。雖然不確定是不是因為第一個月的新鮮感，但至少，這是我能給她的最大祝福了。畢竟身為一個肉食主義者，我實在覺得她供應的餐點味道一言難盡，哈哈。
"
Joaillerie,https://www.joaillerie-et-symbolique.com/,L'Encyclopédie des Symboles,Énergie des Pierres,https://www.joaillerie-et-symbolique.com/lenergie-des-pierres-et-la-guerison/,Vertus spirituelles des pierres,lithotherapie pierres protection,français,USED,NSU1wehu6rTvY0dOr0XTFgXR,USED,https://www.joaillerie-et-symbolique.com/lithotherapie-pierres-protection/,2257,"觸發：命運總是無法掌控，就像在走進電梯前，我不可能知道今天和我一起搭電梯的，是那位總是打扮精緻，身上有著令人舒服香味的Jade還是那位崇尚「自然主義」的        Victor。
痛點：別誤會，Victor是個很好的同事，工作能力很強，只是他那較為旺盛的體毛與氣味在狹窄的電梯裡總是令人有些彆扭。
細節：有一次，我甚至看到他的鬍子裡卡了一些早餐的殘渣。因此如果可以，在電梯裡我更願意遇到Jade，這樣起碼我可以用更好的心情作為一天的開始。
結論：雖然我並不相信石頭真有辦法透過「共振」、「能量」的方式來達到所謂「保護」的效果。很多證據都顯示這可能是所謂的「偽科學」，不過我卻認為，重點不在於實際是否有效，而是在於它是否讓你的心理感到舒適。
證據：其實比起科學，我更認為這是一種信仰，在世界各地都有人利用不同的方式尋求心理上的安慰。例如佛像、護身符等等，佩戴石頭其實也是一樣的道理，這是一種精神與心靈上的支持。"
Joaillerie,https://www.joaillerie-et-symbolique.com/,L'Encyclopédie des Symboles,Énergie des Pierres,https://www.joaillerie-et-symbolique.com/lenergie-des-pierres-et-la-guerison/,Vertus spirituelles des pierres,bienfaits emeraude chakra coeur,français,USED,NSU1wehu6rTvY0dOr0XTFgXR,USED,https://www.joaillerie-et-symbolique.com/bienfaits-emeraude-chakra-coeur-guerison-amitie/,2253,"觸發：現代人的生活難免都會碰到些不如意的事，工作上犯小人，糟糕的天氣。而近期最令我難過的一件事莫過於和政治理念不同的朋友大吵了一架。我不知道我們之後還會不會往來，但可以肯定的是我們的關係不可能再回到從前了。
痛點：這種失去朋友的感覺，讓我十分難受，明明我們爭執的只是一個離我們生活十分遙遠的政治議題，一場發生於幾千公里外國家的戰爭，為什麼卻會讓我失去一個朋友呢？
細節：當天朋友甩門離去後，我在沙發上坐了很久，甚至久違的喝了一瓶紅酒，我已經戒酒好多年了。我憤怒的滑著Tiktok，卻沒看進去任何內容，直到我滑到一個很有名（我後來才知道原來他很有名）的中國翡翠影音頻道主劉思懿，我想起我看過一則文章說翡翠可以舒緩人們的心理壓力，就抱持著試試看的態度買了一個便宜的吊墜。
結論：我明白翡翠對應心輪幫助人們舒緩壓力這種事沒有任何的科學證據，但我想著或許有些時候我們需要的只是那個心理作用，畢竟那溫潤的觸感與光澤彷彿在告訴我「沒關係，一切都會慢慢好起來的。」
證據：不論是否是心理作用，開始佩戴翡翠後，我確實感受到我的情緒變穩定了，雖然我跟那個朋友再也沒有聯絡，但我卻漸漸感到釋懷了。"
Joaillerie,https://www.joaillerie-et-symbolique.com/,L'Encyclopédie des Symboles,Énergie des Pierres,https://www.joaillerie-et-symbolique.com/lenergie-des-pierres-et-la-guerison/,Vertus spirituelles des pierres,saphir bleu propriétés ésotériques,français,USED,NSU1wehu6rTvY0dOr0XTFgXR,USED,https://www.joaillerie-et-symbolique.com/saphir-bleu-pouvoirs-esoteriques/,1848,
Joaillerie,https://www.joaillerie-et-symbolique.com/,L'Encyclopédie des Symboles,Totems de Protection,https://www.joaillerie-et-symbolique.com/totems-sacres-et-protection-antique/,Totems et Protection Antique,oeil bleu grec signification,français,否,NSU1wehu6rTvY0dOr0XTFgXR,None,,,
Joaillerie,https://www.joaillerie-et-symbolique.com/,L'Encyclopédie des Symboles,Totems de Protection,https://www.joaillerie-et-symbolique.com/totems-sacres-et-protection-antique/,Totems et Protection Antique,main de fatma pendentif signification,français,否,NSU1wehu6rTvY0dOr0XTFgXR,None,,,
Joaillerie,https://www.joaillerie-et-symbolique.com/,L'Encyclopédie des Symboles,Totems de Protection,https://www.joaillerie-et-symbolique.com/totems-sacres-et-protection-antique/,Totems et Protection Antique,symbole scarabée égyptien bijoux,français,USED,NSU1wehu6rTvY0dOr0XTFgXR,USED,https://www.joaillerie-et-symbolique.com/scarabee-egyptien-joaillerie/,1854,
Joaillerie,https://www.joaillerie-et-symbolique.com/,L'Encyclopédie des Symboles,Totems de Protection,https://www.joaillerie-et-symbolique.com/totems-sacres-et-protection-antique/,Totems et Protection Antique,protection mauvais oeil bijoux,français,否,NSU1wehu6rTvY0dOr0XTFgXR,None,,,
Joaillerie,https://www.joaillerie-et-symbolique.com/,L'Encyclopédie des Symboles,Totems de Protection,https://www.joaillerie-et-symbolique.com/totems-sacres-et-protection-antique/,Totems et Protection Antique,hamsa bijoux porte bonheur,français,否,NSU1wehu6rTvY0dOr0XTFgXR,None,,,
Joaillerie,https://www.joaillerie-et-symbolique.com/,L'Encyclopédie des Symboles,Alchimie des Métaux,https://www.joaillerie-et-symbolique.com/alchimie-des-metaux-et-eternite/,Métaux et Énergie Alchimique,symbolique de l'or en bijouterie,français,USED,NSU1wehu6rTvY0dOr0XTFgXR,USED,https://www.joaillerie-et-symbolique.com/symbolique-or-bijouterie-pouvoir-divinite-amour/,2235,
Joaillerie,https://www.joaillerie-et-symbolique.com/,L'Encyclopédie des Symboles,Alchimie des Métaux,https://www.joaillerie-et-symbolique.com/alchimie-des-metaux-et-eternite/,Métaux et Énergie Alchimique,argent massif vertus spirituelles,français,USED,NSU1wehu6rTvY0dOr0XTFgXR,USED,https://www.joaillerie-et-symbolique.com/argent-vertus-spirituelles/,1874,
Joaillerie,https://www.joaillerie-et-symbolique.com/,L'Encyclopédie des Symboles,Alchimie des Métaux,https://www.joaillerie-et-symbolique.com/alchimie-des-metaux-et-eternite/,Métaux et Énergie Alchimique,difference or jaune et or rose symbole,français,USED,NSU1wehu6rTvY0dOr0XTFgXR,USED,https://www.joaillerie-et-symbolique.com/difference-or-jaune-et-or-rose-symbole/,2186,
Joaillerie,https://www.joaillerie-et-symbolique.com/,L'Encyclopédie des Symboles,Alchimie des Métaux,https://www.joaillerie-et-symbolique.com/alchimie-des-metaux-et-eternite/,Métaux et Énergie Alchimique,platine symbolisme force,français,USED,NSU1wehu6rTvY0dOr0XTFgXR,USED,https://www.joaillerie-et-symbolique.com/platine-symbolisme-force-eternite/,2195,
Joaillerie,https://www.joaillerie-et-symbolique.com/,L'Encyclopédie des Symboles,Alchimie des Métaux,https://www.joaillerie-et-symbolique.com/alchimie-des-metaux-et-eternite/,Métaux et Énergie Alchimique,bijoux en cuivre bienfaits santé,français,USED,NSU1wehu6rTvY0dOr0XTFgXR,USED,https://www.joaillerie-et-symbolique.com/cuivre-sante-bijoux-benefices/,1910,
Joaillerie,https://www.joaillerie-et-symbolique.com/,L'Encyclopédie des Symboles,Rites de Passage,https://www.joaillerie-et-symbolique.com/rites-de-passage-et-memoire/,Bijoux et Rites de Passage,histoire bague de fiancailles,français,USED,NSU1wehu6rTvY0dOr0XTFgXR,USED,https://www.joaillerie-et-symbolique.com/engagement-ring-history-odyssey/,1867,
Joaillerie,https://www.joaillerie-et-symbolique.com/,L'Encyclopédie des Symboles,Rites de Passage,https://www.joaillerie-et-symbolique.com/rites-de-passage-et-memoire/,Bijoux et Rites de Passage,bijoux de deuil victoriens,français,USED,NSU1wehu6rTvY0dOr0XTFgXR,USED,https://www.joaillerie-et-symbolique.com/bijoux-de-deuil-victoriens-memoire-chagrin/,2199,
Joaillerie,https://www.joaillerie-et-symbolique.com/,L'Encyclopédie des Symboles,Rites de Passage,https://www.joaillerie-et-symbolique.com/rites-de-passage-et-memoire/,Bijoux et Rites de Passage,offrir un bracelet d'amitié symbole,français,否,NSU1wehu6rTvY0dOr0XTFgXR,None,,,
Joaillerie,https://www.joaillerie-et-symbolique.com/,L'Encyclopédie des Symboles,Rites de Passage,https://www.joaillerie-et-symbolique.com/rites-de-passage-et-memoire/,Bijoux et Rites de Passage,bijoux de famille transmission,français,否,NSU1wehu6rTvY0dOr0XTFgXR,None,,,
Joaillerie,https://www.joaillerie-et-symbolique.com/,L'Encyclopédie des Symboles,Rites de Passage,https://www.joaillerie-et-symbolique.com/rites-de-passage-et-memoire/,Bijoux et Rites de Passage,medaille de bapteme signification,français,否,NSU1wehu6rTvY0dOr0XTFgXR,None,,,
Joaillerie,https://www.joaillerie-et-symbolique.com/,L'Encyclopédie des Symboles,Identité et Styles,https://www.joaillerie-et-symbolique.com/esthetique-de-lidentite-et-sous-cultures/,Styles et Identité Sociale,signification collier choker histoire,français,USED,NSU1wehu6rTvY0dOr0XTFgXR,USED,https://www.joaillerie-et-symbolique.com/signification-collier-choker-histoire/,2191,
Joaillerie,https://www.joaillerie-et-symbolique.com/,L'Encyclopédie des Symboles,Identité et Styles,https://www.joaillerie-et-symbolique.com/esthetique-de-lidentite-et-sous-cultures/,Styles et Identité Sociale,bijoux gothiques symbolisme,français,USED,NSU1wehu6rTvY0dOr0XTFgXR,USED,https://www.joaillerie-et-symbolique.com/bijoux-gothiques-symbolisme-evolution/,2182,
Joaillerie,https://www.joaillerie-et-symbolique.com/,L'Encyclopédie des Symboles,Identité et Styles,https://www.joaillerie-et-symbolique.com/esthetique-de-lidentite-et-sous-cultures/,Styles et Identité Sociale,tendance bijoux minimalistes,français,USED,NSU1wehu6rTvY0dOr0XTFgXR,USED,https://www.joaillerie-et-symbolique.com/tendance-bijoux-minimalistes/,2176,
Joaillerie,https://www.joaillerie-et-symbolique.com/,L'Encyclopédie des Symboles,Identité et Styles,https://www.joaillerie-et-symbolique.com/esthetique-de-lidentite-et-sous-cultures/,Styles et Identité Sociale,look bijoux bohème chic,français,USED,NSU1wehu6rTvY0dOr0XTFgXR,USED,https://www.joaillerie-et-symbolique.com/boho-chic-jewelry-evolution/,1878,
Joaillerie,https://www.joaillerie-et-symbolique.com/,L'Encyclopédie des Symboles,Identité et Styles,https://www.joaillerie-et-symbolique.com/esthetique-de-lidentite-et-sous-cultures/,Styles et Identité Sociale,piercing oreille signification culturelle,français,USED,NSU1wehu6rTvY0dOr0XTFgXR,USED,https://www.joaillerie-et-symbolique.com/piercing-oreille-odyssee-culturelle-2/,1982,
Joaillerie,https://www.joaillerie-et-symbolique.com/,L'Encyclopédie des Symboles,Secrets de la Nature,https://www.joaillerie-et-symbolique.com/faune-flore-et-secrets-de-la-nature/,Symbolisme de la Nature,bijoux serpent signification spirituelle,français,USED,NSU1wehu6rTvY0dOr0XTFgXR,USED,https://www.joaillerie-et-symbolique.com/bijoux-serpent-signification-spirituelle/,2036,
Joaillerie,https://www.joaillerie-et-symbolique.com/,L'Encyclopédie des Symboles,Secrets de la Nature,https://www.joaillerie-et-symbolique.com/faune-flore-et-secrets-de-la-nature/,Symbolisme de la Nature,pendentif papillon symbole renaissance,français,USED,NSU1wehu6rTvY0dOr0XTFgXR,USED,https://www.joaillerie-et-symbolique.com/papillon-pendant-renaissance-symbol/,1970,
Joaillerie,https://www.joaillerie-et-symbolique.com/,L'Encyclopédie des Symboles,Secrets de la Nature,https://www.joaillerie-et-symbolique.com/faune-flore-et-secrets-de-la-nature/,Symbolisme de la Nature,symbole abeille joaillerie,français,USED,NSU1wehu6rTvY0dOr0XTFgXR,USED,https://www.joaillerie-et-symbolique.com/abeille-bijoux-symbolisme/,1890,
Joaillerie,https://www.joaillerie-et-symbolique.com/,L'Encyclopédie des Symboles,Secrets de la Nature,https://www.joaillerie-et-symbolique.com/faune-flore-et-secrets-de-la-nature/,Symbolisme de la Nature,bijoux fleur de lys royauté,français,USED,NSU1wehu6rTvY0dOr0XTFgXR,USED,https://www.joaillerie-et-symbolique.com/fleur-de-lys-royal-jewelry/,2046,
Joaillerie,https://www.joaillerie-et-symbolique.com/,L'Encyclopédie des Symboles,Secrets de la Nature,https://www.joaillerie-et-symbolique.com/faune-flore-et-secrets-de-la-nature/,Symbolisme de la Nature,signification plume en bijoux,français,USED,NSU1wehu6rTvY0dOr0XTFgXR,USED,https://www.joaillerie-et-symbolique.com/plume-bijoux-symbolisme/,2020,
Joaillerie,https://www.joaillerie-et-symbolique.com/,L'Encyclopédie des Symboles,Symboles et Psychologie,https://www.joaillerie-et-symbolique.com/,Bijoux Psychologiques,bague anti stress signification,français,USED,NSU1wehu6rTvY0dOr0XTFgXR,USED,https://www.joaillerie-et-symbolique.com/bague-anti-stress-signification-guide-symbolique/,2246,
Joaillerie,https://www.joaillerie-et-symbolique.com/,L'Encyclopédie des Symboles,Symboles et Énergie,https://www.joaillerie-et-symbolique.com/,Bijoux et Humeur,bague humeur signification,français,否,NSU1wehu6rTvY0dOr0XTFgXR,None,,,
Dream Interpretation,https://www.encyclopedia-of-dreams.com/,The Master Encyclopedia of Dreams,1. Neurobiological Foundations,https://www.encyclopedia-of-dreams.com/neurobiological-foundations/,"REM sleep neuroscience, brain activity during dreams, sleep stages memory",brain waves during rem sleep,English,USED,EUSp1wRqLAQveoEkUZ2f hirW,USED,https://www.encyclopedia-of-dreams.com/brain-waves-during-rem-sleep/,1838,
Dream Interpretation,https://www.encyclopedia-of-dreams.com/,The Master Encyclopedia of Dreams,1. Neurobiological Foundations,https://www.encyclopedia-of-dreams.com/neurobiological-foundations/,"REM sleep neuroscience, brain activity during dreams, sleep stages memory",why do dreams feel real science,English,USED,EUSp1wRqLAQveoEkUZ2f hirW,USED,https://www.encyclopedia-of-dreams.com/why-do-dreams-feel-real-science/,1868,
Dream Interpretation,https://www.encyclopedia-of-dreams.com/,The Master Encyclopedia of Dreams,1. Neurobiological Foundations,https://www.encyclopedia-of-dreams.com/neurobiological-foundations/,"REM sleep neuroscience, brain activity during dreams, sleep stages memory",rem sleep and memory consolidation study,English,USED,EUSp1wRqLAQveoEkUZ2f hirW,USED,https://www.encyclopedia-of-dreams.com/rem-sleep-and-memory-consolidation-study/,1844,
Dream Interpretation,https://www.encyclopedia-of-dreams.com/,The Master Encyclopedia of Dreams,1. Neurobiological Foundations,https://www.encyclopedia-of-dreams.com/neurobiological-foundations/,"REM sleep neuroscience, brain activity during dreams, sleep stages memory",neurobiology of dreaming and emotional processing,English,USED,EUSp1wRqLAQveoEkUZ2f hirW,USED,https://www.encyclopedia-of-dreams.com/dreams-brain-emotion-sleep/,1644,
Dream Interpretation,https://www.encyclopedia-of-dreams.com/,The Master Encyclopedia of Dreams,1. Neurobiological Foundations,https://www.encyclopedia-of-dreams.com/neurobiological-foundations/,"REM sleep neuroscience, brain activity during dreams, sleep stages memory",role of amygdala in dreams,English,USED,EUSp1wRqLAQveoEkUZ2f hirW,USED,https://www.encyclopedia-of-dreams.com/role-of-amygdala-in-dreams-guide/,1862,
Dream Interpretation,https://www.encyclopedia-of-dreams.com/,The Master Encyclopedia of Dreams,1. Neurobiological Foundations,https://www.encyclopedia-of-dreams.com/neurobiological-foundations/,Vivid dreams analysis,why do my dreams feel so real and exhausting,English,USED,EUSp1wRqLAQveoEkUZ2f hirW,USED,https://www.encyclopedia-of-dreams.com/why-do-my-dreams-feel-so-real-and-exhausting/,1854,
Dream Interpretation,https://www.encyclopedia-of-dreams.com/,The Master Encyclopedia of Dreams,2. Jungian Archetypes,https://www.encyclopedia-of-dreams.com/jungian-archetypes/,"Jungian archetypes, collective unconscious symbols, shadow self dreams",jungian dream analysis symbols list,English,USED,EUSp1wRqLAQveoEkUZ2f hirW,USED,https://www.encyclopedia-of-dreams.com/jungian-dream-symbols-guide/,1793,
Dream Interpretation,https://www.encyclopedia-of-dreams.com/,The Master Encyclopedia of Dreams,2. Jungian Archetypes,https://www.encyclopedia-of-dreams.com/jungian-archetypes/,"Jungian archetypes, collective unconscious symbols, shadow self dreams",meaning of shadow in dreams jung,English,USED,EUSp1wRqLAQveoEkUZ2f hirW,USED,https://www.encyclopedia-of-dreams.com/jungian-shadow-dreams/,1654,
Dream Interpretation,https://www.encyclopedia-of-dreams.com/,The Master Encyclopedia of Dreams,2. Jungian Archetypes,https://www.encyclopedia-of-dreams.com/jungian-archetypes/,"Jungian archetypes, collective unconscious symbols, shadow self dreams",collective unconscious vs personal unconscious examples,English,USED,EUSp1wRqLAQveoEkUZ2f hirW,USED,https://www.encyclopedia-of-dreams.com/collective-unconscious-vs-personal-unconscious-examples/,1810,
Dream Interpretation,https://www.encyclopedia-of-dreams.com/,The Master Encyclopedia of Dreams,2. Jungian Archetypes,https://www.encyclopedia-of-dreams.com/jungian-archetypes/,"Jungian archetypes, collective unconscious symbols, shadow self dreams",anima and animus in dreams,English,USED,EUSp1wRqLAQveoEkUZ2f hirW,USED,https://www.encyclopedia-of-dreams.com/anima-and-animus-in-dreams/,1814,
Dream Interpretation,https://www.encyclopedia-of-dreams.com/,The Master Encyclopedia of Dreams,2. Jungian Archetypes,https://www.encyclopedia-of-dreams.com/jungian-archetypes/,"Jungian archetypes, collective unconscious symbols, shadow self dreams",individuation process through dream work,English,USED,EUSp1wRqLAQveoEkUZ2f hirW,USED,https://www.encyclopedia-of-dreams.com/individuation-process-through-dream-work/,1819,
Dream Interpretation,https://www.encyclopedia-of-dreams.com/,The Master Encyclopedia of Dreams,3. Freudian Psychoanalysis,https://www.encyclopedia-of-dreams.com/freudian-psychoanalysis/,"Freudian dreamwork, repressed desires sleep, manifest latent content",sigmund freud interpretation of dreams latent content,English,USED,EUSp1wRqLAQveoEkUZ2f hirW,USED,https://www.encyclopedia-of-dreams.com/sigmund-freud-interpretation-of-dreams-latent-content/,1888,"觸發：做夢是每個人都會經歷的事情，我昨夜也夢到了一個荒誕的場景，夢到我和同事像最近流行的輕小說或動畫一樣被傳送到了異世界。
痛點：所有同事都獲得了超能力，就我沒有。
細節：在他們努力狩獵魔物時，我居然還像現實世界一樣在一旁打開電腦工作。
結論：雖然佛洛伊德關於「夢的解析」曾經蔚為風潮，但以現代心理學觀點，其實佛洛伊德所說夢反應潛意識的說法並沒有任何的科學依據，純屬個人猜想。
證據：以現代睡眠腦波監測來說，夢境的產生更偏向於腦部睡眠期間無意義的放電。"
Dream Interpretation,https://www.encyclopedia-of-dreams.com/,The Master Encyclopedia of Dreams,3. Freudian Psychoanalysis,https://www.encyclopedia-of-dreams.com/freudian-psychoanalysis/,"Freudian dreamwork, repressed desires sleep, manifest latent content",freudian symbols in dreams examples,English,USED,EUSp1wRqLAQveoEkUZ2f hirW,USED,https://www.encyclopedia-of-dreams.com/freudian-symbols-in-dreams-examples/,1895,"觸發：我在工作壓力大的時候，總是會做夢，特別是惡夢。
痛點：在夢裡，我最常感受到的情緒是迷茫與無助，不知下一步該往哪走。
細節：就算眼前出現了路，也通常是黑暗、狹窄、或是十分崎嶇難走的路。
結論：以佛洛伊德的「精神分析」學派來說，這代表「出生」的過程，表達對母親子宮的依戀或對未來的焦慮。但以我個人的情緒而言我並不這麼認為，雖然我確實有焦慮的成分存在，但我覺得更多的是迷茫。而且我真的焦慮的時候，我甚至需要安眠藥才能入睡，若我還能睡著，我想我甚至沒有醒著時那麼焦慮。
證據：心理學自佛洛伊德以後不斷更新換代，從榮格到如今的認知學說，在科學越來越發達的如今，反而更無實際證據證明夢境和潛意識有關。"
Dream Interpretation,https://www.encyclopedia-of-dreams.com/,The Master Encyclopedia of Dreams,3. Freudian Psychoanalysis,https://www.encyclopedia-of-dreams.com/freudian-psychoanalysis/,"Freudian dreamwork, repressed desires sleep, manifest latent content",wish fulfillment theory in dreaming,English,USED,EUSp1wRqLAQveoEkUZ2f hirW,USED,https://www.encyclopedia-of-dreams.com/wish-fulfillment-theory-in-dreaming-freud-explained/,1916,"觸發：我有個很喜歡的偶像，當然，現實生活中我們完全不認識，可偶爾我會夢到她。
痛點：他們團體火紅的程度，讓我常常連演唱會的票的買不到，所以我完全沒有見過本人。
細節：但即使是夢到她的時候，也常常是在不同的場景，例如有時是在完美的現代都市，有時卻可能是在個原始叢林。
結論：如果說夢是潛意識的投射，那麼在夢裡見到自己喜歡的偶像，或許算是合理的吧？
證據：但如果說這理論是真的，那我曾經夢到一個我未曾蒙面的姊姊（我媽在懷我之前曾經流產過一次）又是怎麼一回事？我甚至不知道那個胎兒是男是女（連我媽都不知道，因為當時胎兒還不夠大），我又是怎麼憑空想像出這一切的？加上現代的科學證據，我還是更傾向夢是腦部無意義的放電，但這不妨礙我想在夢中見到我想見的人，畢竟這樣的夢總比惡夢來得好。"
Dream Interpretation,https://www.encyclopedia-of-dreams.com/,The Master Encyclopedia of Dreams,3. Freudian Psychoanalysis,https://www.encyclopedia-of-dreams.com/freudian-psychoanalysis/,"Freudian dreamwork, repressed desires sleep, manifest latent content",repressed emotions appearing in dreams,English,USED,EUSp1wRqLAQveoEkUZ2f hirW,USED,https://www.encyclopedia-of-dreams.com/dreams-repressed-emotions-decode/,1647,
Dream Interpretation,https://www.encyclopedia-of-dreams.com/,The Master Encyclopedia of Dreams,3. Freudian Psychoanalysis,https://www.encyclopedia-of-dreams.com/freudian-psychoanalysis/,"Freudian dreamwork, repressed desires sleep, manifest latent content",manifest vs latent content of dreams simplified,English,否,EUSp1wRqLAQveoEkUZ2f hirW,None,,,
Dream Interpretation,https://www.encyclopedia-of-dreams.com/,The Master Encyclopedia of Dreams,4. Evolutionary Threat Simulation,https://www.encyclopedia-of-dreams.com/evolutionary-threat-simulation/,"evolutionary nightmares, threat simulation theory, survival instinct dreams",threat simulation theory of dreaming research,English,否,EUSp1wRqLAQveoEkUZ2f hirW,None,,,
Dream Interpretation,https://www.encyclopedia-of-dreams.com/,The Master Encyclopedia of Dreams,4. Evolutionary Threat Simulation,https://www.encyclopedia-of-dreams.com/evolutionary-threat-simulation/,"evolutionary nightmares, threat simulation theory, survival instinct dreams",evolutionary reason for recurring nightmares,English,否,EUSp1wRqLAQveoEkUZ2f hirW,None,,,
Dream Interpretation,https://www.encyclopedia-of-dreams.com/,The Master Encyclopedia of Dreams,4. Evolutionary Threat Simulation,https://www.encyclopedia-of-dreams.com/evolutionary-threat-simulation/,"evolutionary nightmares, threat simulation theory, survival instinct dreams",why do humans dream of being chased,English,USED,EUSp1wRqLAQveoEkUZ2f hirW,USED,https://www.encyclopedia-of-dreams.com/chased-dreams-psychology-meaning/,1664,
Dream Interpretation,https://www.encyclopedia-of-dreams.com/,The Master Encyclopedia of Dreams,4. Evolutionary Threat Simulation,https://www.encyclopedia-of-dreams.com/evolutionary-threat-simulation/,"evolutionary nightmares, threat simulation theory, survival instinct dreams",survival instincts in sleep,English,否,EUSp1wRqLAQveoEkUZ2f hirW,None,,,
Dream Interpretation,https://www.encyclopedia-of-dreams.com/,The Master Encyclopedia of Dreams,4. Evolutionary Threat Simulation,https://www.encyclopedia-of-dreams.com/evolutionary-threat-simulation/,"evolutionary nightmares, threat simulation theory, survival instinct dreams",adaptive function of bad dreams,English,否,EUSp1wRqLAQveoEkUZ2f hirW,None,,,
Dream Interpretation,https://www.encyclopedia-of-dreams.com/,The Master Encyclopedia of Dreams,5. Universal Symbolic Themes,https://www.encyclopedia-of-dreams.com/universal-symbolic-themes/,"falling in dreams meaning, teeth falling out stress, flying dream symbolism",spiritual meaning of flying in dreams,English,USED,EUSp1wRqLAQveoEkUZ2f hirW,USED,https://www.encyclopedia-of-dreams.com/spiritual-meaning-flying-dreams-crash-anxiety/,1911,
Dream Interpretation,https://www.encyclopedia-of-dreams.com/,The Master Encyclopedia of Dreams,5. Universal Symbolic Themes,https://www.encyclopedia-of-dreams.com/universal-symbolic-themes/,"falling in dreams meaning, teeth falling out stress, flying dream symbolism",psychology of falling in dreams,English,USED,EUSp1wRqLAQveoEkUZ2f hirW,USED,https://www.encyclopedia-of-dreams.com/dreams-falling-psychology-meaning/,1641,
Dream Interpretation,https://www.encyclopedia-of-dreams.com/,The Master Encyclopedia of Dreams,5. Universal Symbolic Themes,https://www.encyclopedia-of-dreams.com/universal-symbolic-themes/,"falling in dreams meaning, teeth falling out stress, flying dream symbolism",teeth falling out in dream meaning anxiety,English,否,EUSp1wRqLAQveoEkUZ2f hirW,None,,,
Dream Interpretation,https://www.encyclopedia-of-dreams.com/,The Master Encyclopedia of Dreams,5. Universal Symbolic Themes,https://www.encyclopedia-of-dreams.com/universal-symbolic-themes/,"falling in dreams meaning, teeth falling out stress, flying dream symbolism",seeing snakes in dream meaning psychology,English,USED,EUSp1wRqLAQveoEkUZ2f hirW,USED,https://www.encyclopedia-of-dreams.com/seeing-snakes-in-dream-meaning-psychology-guide/,1907,"觸發：那天，我做了一個奇怪的夢，夢裡我似乎是因為墜機，和一群人（其中還有我很喜歡的偶像）一起迷失在了原始叢林裡。
痛點：我們這些倖存者在聚集到一起沒多久，就遭到了野獸的襲擊，但當我們逃到一個特殊地點後，所有野獸都停止了追擊，彷彿他們在害怕著什麼。我們四下搜尋了一番，發現了一枚大得不像話的蛋！
偏見：出於不祥的預感，我想要立刻離開這個地方，但隊伍中的另一名有刺青的中年男性卻堅持要搞清楚為什麼這個地方可以保護我們，真是搞不懂他在想什麼。
細節：出乎意料地，隊伍裡的大多數人同意了那個中年男人的意見，他們認為這裡就是個天然的保護區。但從我喜歡的那個偶像臉上的表情，依據我看了這麼多關於她們團體綜藝的經驗，我知道她和我一樣，是想要盡快離開這裡的。
證據：後來，果不其然，這是一種超級巨蛇的棲息地，因為牠實在太大了，有很大一部分被叢林遮蔽，因此難以判斷全長，但我敢肯定絕對超過20公尺！"
Dream Interpretation,https://www.encyclopedia-of-dreams.com/,The Master Encyclopedia of Dreams,5. Universal Symbolic Themes,https://www.encyclopedia-of-dreams.com/universal-symbolic-themes/,"falling in dreams meaning, teeth falling out stress, flying dream symbolism",common dream symbols and their meanings list,English,否,EUSp1wRqLAQveoEkUZ2f hirW,None,,,
Dream Interpretation,https://www.encyclopedia-of-dreams.com/,The Master Encyclopedia of Dreams,6. Lucid Dreaming & Agency,https://www.encyclopedia-of-dreams.com/lucid-dreaming-agency/,"lucid dreaming guide, MILD technique, PTSD nightmare therapy",how to lucid dream for beginners fast,English,USED,EUSp1wRqLAQveoEkUZ2f hirW,USED,https://www.encyclopedia-of-dreams.com/lucid-dreaming-beginners-fast/,1789,
Dream Interpretation,https://www.encyclopedia-of-dreams.com/,The Master Encyclopedia of Dreams,6. Lucid Dreaming & Agency,https://www.encyclopedia-of-dreams.com/lucid-dreaming-agency/,"lucid dreaming guide, MILD technique, PTSD nightmare therapy",mild technique vs wild method,English,USED,EUSp1wRqLAQveoEkUZ2f hirW,USED,https://www.encyclopedia-of-dreams.com/mild-wild-lucid-mastery/,1778,
Dream Interpretation,https://www.encyclopedia-of-dreams.com/,The Master Encyclopedia of Dreams,6. Lucid Dreaming & Agency,https://www.encyclopedia-of-dreams.com/lucid-dreaming-agency/,"lucid dreaming guide, MILD technique, PTSD nightmare therapy",reality checks for lucid dreaming list,English,USED,EUSp1wRqLAQveoEkUZ2f hirW,USED,https://www.encyclopedia-of-dreams.com/lucid-dreaming-reality-checks-3/,1766,
Dream Interpretation,https://www.encyclopedia-of-dreams.com/,The Master Encyclopedia of Dreams,6. Lucid Dreaming & Agency,https://www.encyclopedia-of-dreams.com/lucid-dreaming-agency/,"lucid dreaming guide, MILD technique, PTSD nightmare therapy",lucid dreaming for ptsd recovery,English,USED,EUSp1wRqLAQveoEkUZ2f hirW,USED,https://www.encyclopedia-of-dreams.com/lucid-dreaming-ptsd-healing/,1627,
Dream Interpretation,https://www.encyclopedia-of-dreams.com/,The Master Encyclopedia of Dreams,6. Lucid Dreaming & Agency,https://www.encyclopedia-of-dreams.com/lucid-dreaming-agency/,"lucid dreaming guide, MILD technique, PTSD nightmare therapy",can everyone learn to lucid dream,English,USED,EUSp1wRqLAQveoEkUZ2f hirW,USED,https://www.encyclopedia-of-dreams.com/lucid-dreaming-attainment/,1754,
Dream Interpretation,https://www.encyclopedia-of-dreams.com/,The Master Encyclopedia of Dreams,Lucid Dreaming Mastery,https://www.encyclopedia-of-dreams.com/lucid-dreaming-mastery/,Lucid dreaming techniques,how to wake up from a lucid dream fast,English,否,EUSp1wRqLAQveoEkUZ2f hirW,USED,,,
Dream Interpretation,https://www.encyclopedia-of-dreams.com/,The Master Encyclopedia of Dreams,7. Cultural & Spiritual Evolution,https://www.encyclopedia-of-dreams.com/cultural-spiritual-evolution/,"history of dream interpretation, cultural significance dreams, spiritual dreaming",ancient egyptian dream interpretation symbols,English,USED,EUSp1wRqLAQveoEkUZ2f hirW,USED,https://www.encyclopedia-of-dreams.com/egyptian-dream-symbols/,1680,
Dream Interpretation,https://www.encyclopedia-of-dreams.com/,The Master Encyclopedia of Dreams,7. Cultural & Spiritual Evolution,https://www.encyclopedia-of-dreams.com/cultural-spiritual-evolution/,"history of dream interpretation, cultural significance dreams, spiritual dreaming",history of dream analysis in western psychology,English,USED,EUSp1wRqLAQveoEkUZ2f hirW,USED,https://www.encyclopedia-of-dreams.com/history-of-dream-analysis-western-psychology/,1823,
Dream Interpretation,https://www.encyclopedia-of-dreams.com/,The Master Encyclopedia of Dreams,7. Cultural & Spiritual Evolution,https://www.encyclopedia-of-dreams.com/cultural-spiritual-evolution/,"history of dream interpretation, cultural significance dreams, spiritual dreaming",biblical meaning of dreams and visions,English,USED,EUSp1wRqLAQveoEkUZ2f hirW,USED,https://www.encyclopedia-of-dreams.com/biblical-meaning-of-dreams-and-visions-guide/,1830,
Dream Interpretation,https://www.encyclopedia-of-dreams.com/,The Master Encyclopedia of Dreams,7. Cultural & Spiritual Evolution,https://www.encyclopedia-of-dreams.com/cultural-spiritual-evolution/,"history of dream interpretation, cultural significance dreams, spiritual dreaming",shamanic dream practices for healing,English,USED,EUSp1wRqLAQveoEkUZ2f hirW,USED,https://www.encyclopedia-of-dreams.com/shamanic-dream-healing-journey/,1659,
Dream Interpretation,https://www.encyclopedia-of-dreams.com/,The Master Encyclopedia of Dreams,7. Cultural & Spiritual Evolution,https://www.encyclopedia-of-dreams.com/cultural-spiritual-evolution/,"history of dream interpretation, cultural significance dreams, spiritual dreaming",secular spirituality in modern dream work,English,USED,EUSp1wRqLAQveoEkUZ2f hirW,USED,https://www.encyclopedia-of-dreams.com/secular-spirituality-in-modern-dream-work/,1834,
Dream Interpretation,https://www.encyclopedia-of-dreams.com/,The Master Encyclopedia of Dreams,Dream Interpretation & Symbols,https://www.encyclopedia-of-dreams.com/,Recurring dreams,why do i keep dreaming about the same house,English,USED,EUSp1wRqLAQveoEkUZ2f hirW,USED,https://www.encyclopedia-of-dreams.com/why-do-i-keep-dreaming-about-the-same-house/,1880,
Dream Interpretation,https://www.encyclopedia-of-dreams.com/,The Master Encyclopedia of Dreams,Nightmares & Shadow Work,https://www.encyclopedia-of-dreams.com/,Sleep paralysis causes,psychological reason for sleep paralysis demons,English,USED,EUSp1wRqLAQveoEkUZ2f hirW,USED,https://www.encyclopedia-of-dreams.com/psychological-reason-for-sleep-paralysis-demons/,1884,
Dream Interpretation,https://www.encyclopedia-of-dreams.com/,The Master Encyclopedia of Dreams,Dream Interpretation & Symbols,https://www.encyclopedia-of-dreams.com/,Teeth falling out dreams,spiritual meaning of teeth falling out in dream,English,否,EUSp1wRqLAQveoEkUZ2f hirW,None,,,
ミニマリスト・デスクセットアップ,https://www.minimal-desk-studio.com/,ミニマリスト・デスクセットアップの究極ガイド,1. 機能的人間工学 (Functional Ergonomics),https://www.minimal-desk-studio.com/functional-ergonomics/,"デスク 人間工学, モニターアーム 位置, 疲れにくい デスクセットアップ",デスクワーク 姿勢 矯正 グッズ,Japanese,USED,zbvQUVDnXYa62fl4TTLT1XKQ,USED,https://www.minimal-desk-studio.com/desk-posture-correction-guide/,1933,
ミニマリスト・デスクセットアップ,https://www.minimal-desk-studio.com/,ミニマリスト・デスクセットアップの究極ガイド,1. 機能的人間工学 (Functional Ergonomics),https://www.minimal-desk-studio.com/functional-ergonomics/,"デスク 人間工学, モニターアーム 位置, 疲れにくい デスクセットアップ",モニターアーム おすすめ 4K,Japanese,USED,zbvQUVDnXYa62fl4TTLT1XKQ,USED,https://www.minimal-desk-studio.com/4k-monitor-arm-guide/,1756,DONE
ミニマリスト・デスクセットアップ,https://www.minimal-desk-studio.com/,ミニマリスト・デスクセットアップの究極ガイド,1. 機能的人間工学 (Functional Ergonomics),https://www.minimal-desk-studio.com/functional-ergonomics/,"デスク 人間工学, モニターアーム 位置, 疲れにくい デスクセットアップ",腰痛にならない椅子 選び方 在宅,Japanese,USED,zbvQUVDnXYa62fl4TTLT1XKQ,USED,https://www.minimal-desk-studio.com/chair-selection-back-pain/,1940,
ミニマリスト・デスクセットアップ,https://www.minimal-desk-studio.com/,ミニマリスト・デスクセットアップの究極ガイド,1. 機能的人間工学 (Functional Ergonomics),https://www.minimal-desk-studio.com/functional-ergonomics/,"デスク 人間工学, モニターアーム 位置, 疲れにくい デスクセットアップ",在宅勤務 デスク 高さ 計算,Japanese,USED,zbvQUVDnXYa62fl4TTLT1XKQ,USED,https://www.minimal-desk-studio.com/zaikin-desk-takasa-keisan/,1966,
ミニマリスト・デスクセットアップ,https://www.minimal-desk-studio.com/,ミニマリスト・デスクセットアップの究極ガイド,1. 機能的人間工学 (Functional Ergonomics),https://www.minimal-desk-studio.com/functional-ergonomics/,"デスク 人間工学, モニターアーム 位置, 疲れにくい デスクセットアップ",エルゴノミクス キーボード メリット,Japanese,USED,zbvQUVDnXYa62fl4TTLT1XKQ,USED,https://www.minimal-desk-studio.com/ergonomics-keyboard-merit-guide/,1975,
ミニマリスト・デスクセットアップ,https://www.minimal-desk-studio.com/,ミニマリスト・デスクセットアップの究極ガイド,1. 機能的人間工学 (Functional Ergonomics),https://www.minimal-desk-studio.com/functional-ergonomics/,スタンディングデスク 疲労,スタンディングデスク 疲れる 対策,Japanese,USED,zbvQUVDnXYa62fl4TTLT1XKQ,USED,https://www.minimal-desk-studio.com/standing-desk-fatigue-solutions-japan/,2022,
ミニマリスト・デスクセットアップ,https://www.minimal-desk-studio.com/,ミニマリスト・デスクセットアップの究極ガイド,2. 色彩理論と素材感 (Color Theory & Materiality),https://www.minimal-desk-studio.com/color-theory-and-materiality/,"ミニマリスト デスク 色, デスクマット 素材, 木目調 デスク インテリア",ホワイトデスク セットアップ おしゃれ,Japanese,USED,zbvQUVDnXYa62fl4TTLT1XKQ,USED,https://www.minimal-desk-studio.com/white-desk-setup-aesthetics/,1749,
ミニマリスト・デスクセットアップ,https://www.minimal-desk-studio.com/,ミニマリスト・デスクセットアップの究極ガイド,2. 色彩理論と素材感 (Color Theory & Materiality),https://www.minimal-desk-studio.com/color-theory-and-materiality/,"ミニマリスト デスク 色, デスクマット 素材, 木目調 デスク インテリア",フェルト デスクマット 滑り止め,Japanese,USED,zbvQUVDnXYa62fl4TTLT1XKQ,USED,https://www.minimal-desk-studio.com/felt-desk-mat-non-slip-guide-japan/,2012,
ミニマリスト・デスクセットアップ,https://www.minimal-desk-studio.com/,ミニマリスト・デスクセットアップの究極ガイド,2. 色彩理論と素材感 (Color Theory & Materiality),https://www.minimal-desk-studio.com/color-theory-and-materiality/,"ミニマリスト デスク 色, デスクマット 素材, 木目調 デスク インテリア",ウォールナット デスク 経年変化,Japanese,USED,zbvQUVDnXYa62fl4TTLT1XKQ,USED,https://www.minimal-desk-studio.com/walnut-desk-aging-process-japan/,2008,
ミニマリスト・デスクセットアップ,https://www.minimal-desk-studio.com/,ミニマリスト・デスクセットアップの究極ガイド,2. 色彩理論と素材感 (Color Theory & Materiality),https://www.minimal-desk-studio.com/color-theory-and-materiality/,"ミニマリスト デスク 色, デスクマット 素材, 木目調 デスク インテリア",デスク周り 統一感 出し方,Japanese,USED,zbvQUVDnXYa62fl4TTLT1XKQ,USED,https://www.minimal-desk-studio.com/desk-setup-unity-guide-japan/,2028,
ミニマリスト・デスクセットアップ,https://www.minimal-desk-studio.com/,ミニマリスト・デスクセットアップの究極ガイド,2. 色彩理論と素材感 (Color Theory & Materiality),https://www.minimal-desk-studio.com/color-theory-and-materiality/,"ミニマリスト デスク 色, デスクマット 素材, 木目調 デスク インテリア",マットブラック ガジェット おすすめ,Japanese,USED,zbvQUVDnXYa62fl4TTLT1XKQ,USED,https://www.minimal-desk-studio.com/matte-black-gadget-recommendations/,2032,
ミニマリスト・デスクセットアップ,https://www.minimal-desk-studio.com/,ミニマリスト・デスクセットアップの究極ガイド,2. 色彩理論と素材感 (Color Theory & Materiality),https://www.minimal-desk-studio.com/color-theory-and-materiality/,デスクマット フェルト,デスクマット フェルト デメリット,Japanese,USED,zbvQUVDnXYa62fl4TTLT1XKQ,USED,https://www.minimal-desk-studio.com/desk-mat-felt-demerit/,2045,
ミニマリスト・デスクセットアップ,https://www.minimal-desk-studio.com/,ミニマリスト・デスクセットアップの究極ガイド,2. 色彩理論と素材感 (Color Theory & Materiality),https://www.minimal-desk-studio.com/color-theory-and-materiality/,白いデスク メンテナンス,白いデスク 汚れ 目立つ 対策,Japanese,USED,zbvQUVDnXYa62fl4TTLT1XKQ,USED,https://www.minimal-desk-studio.com/white-desk-stains-conspicuous-measures/,2053,
ミニマリスト・デスクセットアップ,https://www.minimal-desk-studio.com/,ミニマリスト・デスクセットアップの究極ガイド,3. 配線管理の美学 (Cable Management),https://www.minimal-desk-studio.com/cable-management/,"デスク 配線 隠す, ケーブルマネジメント 便利グッズ, デスク 整理術",デスク下 配線 100均,Japanese,USED,zbvQUVDnXYa62fl4TTLT1XKQ,USED,https://www.minimal-desk-studio.com/desk-cable-management-100yen/,1998,
ミニマリスト・デスクセットアップ,https://www.minimal-desk-studio.com/,ミニマリスト・デスクセットアップの究極ガイド,3. 配線管理の美学 (Cable Management),https://www.minimal-desk-studio.com/cable-management/,"デスク 配線 隠す, ケーブルマネジメント 便利グッズ, デスク 整理術",ケーブルトレー 取り付け 穴あけ不要,Japanese,USED,zbvQUVDnXYa62fl4TTLT1XKQ,USED,https://www.minimal-desk-studio.com/no-drill-cable-management/,1788,
ミニマリスト・デスクセットアップ,https://www.minimal-desk-studio.com/,ミニマリスト・デスクセットアップの究極ガイド,3. 配線管理의 美學 (Cable Management),https://www.minimal-desk-studio.com/cable-management/,"デスク 配線 隠す, ケーブルマネジメント 便利グッズ, デスク 整理術",ワイヤレス充電 デスク 埋め込み,Japanese,USED,zbvQUVDnXYa62fl4TTLT1XKQ,USED,https://www.minimal-desk-studio.com/wireless-charging-desk-embedding-guide/,1982,
ミニマリスト・デスクセットアップ,https://www.minimal-desk-studio.com/,ミニマリスト・デスクセットアップの究極ガイド,3. 配線管理の美學 (Cable Management),https://www.minimal-desk-studio.com/cable-management/,"デスク 配線 隠す, ケーブルマネジメント 便利グッズ, デスク 整理術",マグネット ケーブルホルダー 使い方,Japanese,USED,zbvQUVDnXYa62fl4TTLT1XKQ,USED,https://www.minimal-desk-studio.com/magnetic-cable-holder-guide-japan/,1988,
ミニマリスト・デスクセットアップ,https://www.minimal-desk-studio.com/,ミニマリスト・デスクセットアップの究極ガイド,3. 配線管理の美學 (Cable Management),https://www.minimal-desk-studio.com/cable-management/,"デスク 配線 隠す, ケーブルマネジメント 便利グッズ, デスク 整理術",電源タップ 隠す ボックス,Japanese,USED,zbvQUVDnXYa62fl4TTLT1XKQ,USED,https://www.minimal-desk-studio.com/power-tap-hiding-box-guide/,2002,
ミニマリスト・デスクセットアップ,https://www.minimal-desk-studio.com/,ミニマリスト・デスクセットアップの究極ガイド,4. 照明とサーカディアンリズム (Lighting Design),https://www.minimal-desk-studio.com/lighting-design/,"モニターライト メリット, デスク 照明 集中力, サーカディアンリズム 工作",BenQ ScreenBar 違い 比較,Japanese,USED,zbvQUVDnXYa62fl4TTLT1XKQ,USED,https://www.minimal-desk-studio.com/benq-screenbar-comparison-guide/,1739,
ミニマリスト・デスクセットアップ,https://www.minimal-desk-studio.com/,ミニマリスト・デスクセットアップの究極ガイド,4. 照明とサーカディアンリズム (Lighting Design),https://www.minimal-desk-studio.com/lighting-design/,"モニターライト メリット, デスク 照明 集中力, サーカディアンリズム 工作",デスクライト 目に優しい 学習用,Japanese,USED,zbvQUVDnXYa62fl4TTLT1XKQ,USED,https://www.minimal-desk-studio.com/eye-friendly-desk-light-guide-2/,1894,
ミニマリスト・デスクセットアップ,https://www.minimal-desk-studio.com/,ミニマリスト・デスクセットアップの究極ガイド,4. 照明とサーカディアンリズム (Lighting Design),https://www.minimal-desk-studio.com/lighting-design/,"モニターライト メリット, デスク 照明 集中力, サーカディアンリズム 工作",間接照明 デスク おしゃれ テープライト,Japanese,USED,zbvQUVDnXYa62fl4TTLT1XKQ,USED,https://www.minimal-desk-studio.com/desk-indirect-lighting-guide/,1767,
ミニマリスト・デスクセットアップ,https://www.minimal-desk-studio.com/,ミニマリスト・デスクセットアップの究極ガイド,4. 照明とサーカディアンリズム (Lighting Design),https://www.minimal-desk-studio.com/lighting-design/,"モニターライト メリット, デスク 照明 集中力, サーカディアンリズム 工作",集中力 高める 照明 色温度,Japanese,USED,zbvQUVDnXYa62fl4TTLT1XKQ,USED,https://www.minimal-desk-studio.com/focus-lighting-cct/,1872,
ミニマリスト・デスクセットアップ,https://www.minimal-desk-studio.com/,ミニマリスト・デスクセットアップの究極ガイド,4. 照明とサーカディアンリズム (Lighting Design),https://www.minimal-desk-studio.com/lighting-design/,"モニターライト メリット, デスク 照明 集中力, サーカディアンリズム 工作",モニターライト 反射 対策,Japanese,USED,zbvQUVDnXYa62fl4TTLT1XKQ,USED,https://www.minimal-desk-studio.com/monitor-light-reflection-ergonomics/,1814,
ミニマリスト・デスクセットアップ,https://www.minimal-desk-studio.com/,ミニマリスト・デスクセットアップの究極ガイド,4. 照明とサーカディアンリズム (Lighting Design),https://www.minimal-desk-studio.com/lighting-design/,デスクライト モニターライト,モニターライト デスクライト 違い,Japanese,USED,zbvQUVDnXYa62fl4TTLT1XKQ,USED,https://www.minimal-desk-studio.com/monitor-light-desk-light-chigai/,2049,
ミニマリスト・デスクセットアップ,https://www.minimal-desk-studio.com/,ミニマリスト・デスクセットアップの究極ガイド,5. デジタル・ミニマリズム (Digital Minimalism),https://www.minimal-desk-studio.com/digital-minimalism/,"デスクトップ 整理術, デジタルミニマリズム 方法, ウルトラワイド 生産性",デスクトップ アイコン 隠す Mac,Japanese,否,zbvQUVDnXYa62fl4TTLT1XKQ,None,,,
ミニマリスト・デスクセットアップ,https://www.minimal-desk-studio.com/,ミニマリスト・デスクセットアップの究極ガイド,5. デジタル・ミニマリズム (Digital Minimalism),https://www.minimal-desk-studio.com/digital-minimalism/,"デスクトップ 整理術, デジタルミニマリズム 方法, ウルトラワイド 生産性",Windows11 デスクトップ カスタマイズ,Japanese,否,zbvQUVDnXYa62fl4TTLT1XKQ,None,,,
ミニマリスト・デスクセットアップ,https://www.minimal-desk-studio.com/,ミニマリスト・デスクセットアップの究極ガイド,5. デジタル・ミニマリズム (Digital Minimalism),https://www.minimal-desk-studio.com/digital-minimalism/,"デスクトップ 整理術, デジタルミニマリズム 方法, ウルトラワイド 生産性",ウルトラワイドモニター 画面分割 ソフト,Japanese,否,zbvQUVDnXYa62fl4TTLT1XKQ,None,,,
ミニマリスト・デスクセットアップ,https://www.minimal-desk-studio.com/,ミニマリスト・デスクセットアップの究極ガイド,5. デジタル・ミニマリズム (Digital Minimalism),https://www.minimal-desk-studio.com/digital-minimalism/,"デスクトップ 整理術, デジタルミニマリズム 方法, ウルトラワイド 生産性",デジタル整理術 フォルダ分け ルール,Japanese,USED,zbvQUVDnXYa62fl4TTLT1XKQ,USED,https://www.minimal-desk-studio.com/digital-folder-mastery/,1911,
ミニマリスト・デスクセットアップ,https://www.minimal-desk-studio.com/,ミニマリスト・デスクセットアップの究極ガイド,5. デジタル・ミニマリズム (Digital Minimalism),https://www.minimal-desk-studio.com/digital-minimalism/,"デスクトップ 整理術, デジタルミニマリズム 方法, ウルトラワイド 生産性",ミニマリスト 壁紙 4K PC,Japanese,否,zbvQUVDnXYa62fl4TTLT1XKQ,None,,,
ミニマリスト・デスクセットアップ,https://www.minimal-desk-studio.com/,ミニマリスト・デスクセットアップの究極ガイド,6. バイオフィリックデザイン (Biophilic Design),https://www.minimal-desk-studio.com/biophilic-design/,"デスク 觀葉植物, デスク アロマ 集中力, メカニカルキーボード 仕事",デスクに置く 観葉植物 初心者,Japanese,否,zbvQUVDnXYa62fl4TTLT1XKQ,None,,,
ミニマリスト・デスクセットアップ,https://www.minimal-desk-studio.com/,ミニマリスト・デスクセットアップの究極ガイド,6. バイオフィリックデザイン (Biophilic Design),https://www.minimal-desk-studio.com/biophilic-design/,"デスク 觀葉植物, デスク アロマ 集中力, メカニカルキーボード 仕事",サンスベリア 卓上 サイズ おすすめ,Japanese,否,zbvQUVDnXYa62fl4TTLT1XKQ,None,,,
ミニマリスト・デスクセットアップ,https://www.minimal-desk-studio.com/,ミニマリスト・デスクセットアップの究極ガイド,6. バイオフィリックデザイン (Biophilic Design),https://www.minimal-desk-studio.com/biophilic-design/,"デスク 觀葉植物, デスク アロマ 集中力, メカニカルキーボード 仕事",デスク 香り 集中 アロマディフューザー,Japanese,USED,zbvQUVDnXYa62fl4TTLT1XKQ,USED,https://www.minimal-desk-studio.com/desk-aroma-focus-diffuser/,1752,
ミニマリスト・デスクセットアップ,https://www.minimal-desk-studio.com/,ミニマリスト・デスクセットアップの究極ガイド,6. バイオフィリックデザイン (Biophilic Design),https://www.minimal-desk-studio.com/biophilic-design/,"デスク 觀葉植物, デスク アロマ 集中力, メカニカルキーボード 仕事",メカニカルキーボード 静音軸 オフィス,Japanese,否,zbvQUVDnXYa62fl4TTLT1XKQ,None,,,
ミニマリスト・デスクセットアップ,https://www.minimal-desk-studio.com/,ミニマリスト・デスクセットアップの究極ガイド,6. バイオフィリックデザイン (Biophilic Design),https://www.minimal-desk-studio.com/biophilic-design/,"デスク 觀葉植物, デスク アロマ 集中力, メカニカルキーボード 仕事",天然素材 デスクオーガナイザー 木製,Japanese,否,zbvQUVDnXYa62fl4TTLT1XKQ,None,,,
ミニマリスト・デスクセットアップ,https://www.minimal-desk-studio.com/,ミニマリスト・デスクセットアップの究極ガイド,7. 集中とフローの心理学 (Psychology of Flow),https://www.minimal-desk-studio.com/psychology-of-flow/,"集中力 デスク 整理, 生産性向上 ワークスペース, フロー状態 環境",ゾーンに入る方法 仕事 集中,Japanese,USED,zbvQUVDnXYa62fl4TTLT1XKQ,USED,https://www.minimal-desk-studio.com/zone-hairu-houhou-shigoto-shuuchuu/,2086,"觸發：我們辦公室每個人的工作習慣差距很大，有些人喜歡安靜，有些人則喜歡聽著音樂。而就算是喜歡聽音樂的人，喜好的種類也差距很大，有些人喜歡輕音樂，有些人則喜歡節奏強烈的舞曲。
痛點：當人們和不同工作習慣的人同處一室時，難免會受到干擾，即使戴著耳機，有時候仍會聽到其他人的聲音。
細節：我們工作室有個人嗓門特別大，即使他只是在會議室裡，聲音依舊有很強的穿透力。我是個不喜歡戴耳機，且在安靜的環境比較能專心的人，每次他開會的時候，我就會覺得工作狀態受到了干擾。
結論：後來，我開始使用冥想的技巧，並且會在假日時刻意到一些較為吵雜的環境（例如咖啡廳）做一些需要專心的事情，例如寫這篇部落格文章，或是為了跟上時代學習AI的使用。
證據：後來，我發現經過一段時間的訓練，我漸漸可以將人聲當成「白噪音」來看待，不僅不會降低我的工作效率，反而在有一定背景音的狀況下我不會因為感到昏昏欲睡而降低工作效率。"
ミニマリスト・デスクセットアップ,https://www.minimal-desk-studio.com/,ミニマリスト・デスクセットアップの究極ガイド,7. 集中とフローの心理学 (Psychology of Flow),https://www.minimal-desk-studio.com/psychology-of-flow/,"集中力 デスク 整理, 生産性向上 ワークスペース, フロー状態 環境",集中力を維持する デスク配置,Japanese,否,zbvQUVDnXYa62fl4TTLT1XKQ,None,,,
ミニマリスト・デスクセットアップ,https://www.minimal-desk-studio.com/,ミニマリスト・デスクセットアップの究極ガイド,7. 集中とフローの心理學 (Psychology of Flow),https://www.minimal-desk-studio.com/psychology-of-flow/,"集中力 デスク 整理, 生産性向上 ワークスペース, フロー状態 環境",ポモドーロテクニック アプリ デスク,Japanese,USED,zbvQUVDnXYa62fl4TTLT1XKQ,USED,https://www.minimal-desk-studio.com/pomodoro-desktop-apps-guide/,1763,
ミニマリスト・デスクセットアップ,https://www.minimal-desk-studio.com/,ミニマリスト・デスクセットアップ的究極ガイド,7. 集中とフローの心理學 (Psychology of Flow),https://www.minimal-desk-studio.com/psychology-of-flow/,"集中力 デスク 整理, 生産性向上 ワークスペース, フロー状態 環境",机の上が綺麗な人の特徴 心理,Japanese,USED,zbvQUVDnXYa62fl4TTLT1XKQ,USED,https://www.minimal-desk-studio.com/desk-clean-psychology-features-japan/,2090,"觸發：我曾和我的某一任女友是同事，而我們兩個對於辦公桌的習慣非常不同。我喜歡辦公桌整潔乾淨，我桌上通常只有電腦、鍵盤與滑鼠、水杯、一包衛生紙。而她的桌上則是除了辦公用品外堆滿了各種娃娃與公仔、各種凌亂的文件以及一些看起來像是垃圾的東西。
痛點：我有時光是看著她的辦公桌就會感到十分痛苦，總有一種想幫他收拾的衝動。但她卻嚴格禁止我動她的辦公桌，她說這樣會害她找不到東西。
細節：但她說的也是事實，不論她的辦公桌如何雜亂，她卻從來沒有找不到東西過，甚至是一般人時常弄不見的那種用了很久、已經變得很小塊的橡皮擦，她都能精準地找到。
結論：後來，觀察了辦公室裡許多人的辦公桌後。我想，這就是所謂的「文科大腦」與「理科大腦」的差別。
證據：根據我的相處經驗，桌面整潔的人，要嘛是那些更重視效率與邏輯的工程師，要嘛是那些工作與生活分得很開的人，其中一個人甚至我在整整三個月後才知道原來前段時間他正在談離婚，可他的工作表現卻完全正常。而那些喜歡在桌上放各種飾品的人，則通常是那些更需要「靈感」的崗位，如美術、文案等，或者是那種會將生活情緒帶入工作的類型，當他們生活中碰上好事時，他們的工作效率會有爆發性的增長，但碰上壞事時則容易一蹶不振，或是直接請假不來。"
ミニマリスト・デスクセットアップ,https://www.minimal-desk-studio.com/,ミニマリスト・デスクセットアップ的究極ガイド,7. 集中とフローの心理學 (Psychology of Flow),https://www.minimal-desk-studio.com/psychology-of-flow/,"集中力 デスク 整理, 生産性向上 ワークスペース, フロー状態 環境",作業効率 爆上げ ワークスペース,Japanese,否,zbvQUVDnXYa62fl4TTLT1XKQ,None,,,"觸發：離職後，我成了個自由工作者，有一段時間我曾在家裡工作。
痛點：而我發現我的工作效率差了好多，你知道的，家裡總是充滿各種誘惑，柔軟的床、舒適的沙發、電視機、新買的Swich2......
細節：特別是吃完午飯後的午休，以往在公司趴著休息還不至於睡得太熟，但現在躺到床上一不小心起來可能已經是下午四點以後了。
結論：因此，在家工作了幾個月後我意識到，我需要改變我的工作環境。為此我開始嘗試在咖啡廳、網咖等地方工作......又過了幾個月，最後我決定在離家走路十分鐘的地方租下一間小型的個人辦公室。
證據：雖然工作效率這件事情無法量化，但我確實比以前更能專心了。寫一篇文章的時間從一個早上縮短到依舊是一個早上，但是多了吃早餐以及泡一杯咖啡的時間。而最重要的，我的午休不會在莫名其妙的就到下午四點了。"
Global Urban Legends Analysis,https://www.global-urban-legends.com/,The Global Encyclopedia of Urban Legends,1. Psychological Foundations & Anxiety,https://www.global-urban-legends.com/psychological-foundations-anxiety/,"psychology of urban legends, why do urban legends spread, FOAF effect folklore",evolutionary purpose of scary stories,English,Active,qrdRo66J7PyzH5w3Oyggfqzo,Active,,,"觸發：在中國，有一句話叫做「民國之後不許成精」，大概意思是說當大清帝國滅亡，社會進入現代化之後，不可以再有那些關於精靈、怪物之類的傳說。
痛點：當然，中國是一個由共產黨統治的高壓社會，因此即使有這類傳說，他們也可以很輕鬆地透過官方媒體或壓力讓傳說消失。
細節：也因此，中國的鬼怪故事從很久遠以前的「山海經」、「聊齋誌異」等等由動物、鬼怪為主的變成了以帶有怨氣的死人，例如鬼新娘等等。
結論：這似乎某種程度上反映了人們對於恐怖故事心理學上的演進，以前人們相信動物、鬼怪是他們生活中麻煩與恐懼的來源，但隨著科技進步，人們反而更多轉向了靈能、死後世界的超能力概念。
證據：其實不只中國，縱觀全世界的傳說，你也可以發現這類現象，從早期遠古與部落時代，人們的傳說大多是吃人的妖怪（例如有名的溫迪戈）；到後來農耕時代，人們的傳說變成造成乾旱或是疾病、群體排斥（例如各地的祈雨儀式、吸血鬼傳說）；再到工業時代，人們對於科技失控的想像（例如哥吉拉、外星人入侵）；最後則是網路時代對於社會體制崩壞的擔憂（例如生化危機、喪屍等等）"
Global Urban Legends Analysis,https://www.global-urban-legends.com/,The Global Encyclopedia of Urban Legends,1. Psychological Foundations & Anxiety,https://www.global-urban-legends.com/psychological-foundations-anxiety/,"psychology of urban legends, why do urban legends spread, FOAF effect folklore",friend of a friend effect sociology,English,否,qrdRo66J7PyzH5w3Oyggfqzo,None,,,
Global Urban Legends Analysis,https://www.global-urban-legends.com/,The Global Encyclopedia of Urban Legends,1. Psychological Foundations & Anxiety,https://www.global-urban-legends.com/psychological-foundations-anxiety/,"psychology of urban legends, why do urban legends spread, FOAF effect folklore",urban legends as social control,English,否,qrdRo66J7PyzH5w3Oyggfqzo,None,,,
Global Urban Legends Analysis,https://www.global-urban-legends.com/,The Global Encyclopedia of Urban Legends,1. Psychological Foundations & Anxiety,https://www.global-urban-legends.com/psychological-foundations-anxiety/,"psychology of urban legends, why do urban legends spread, FOAF effect folklore",why brains believe scary myths,English,否,qrdRo66J7PyzH5w3Oyggfqzo,None,,,
Global Urban Legends Analysis,https://www.global-urban-legends.com/,The Global Encyclopedia of Urban Legends,1. Psychological Foundations & Anxiety,https://www.global-urban-legends.com/psychological-foundations-anxiety/,"psychology of urban legends, why do urban legends spread, FOAF effect folklore",psychological triggers of viral folklore,English,否,qrdRo66J7PyzH5w3Oyggfqzo,None,,,
Global Urban Legends Analysis,https://www.global-urban-legends.com/,The Global Encyclopedia of Urban Legends,2. Liminal Spaces & Modern Isolation,https://www.global-urban-legends.com/liminal-spaces-modern-isolation/,"the backrooms explained, liminal spaces horror psychology, uncanny architecture folklore",why empty malls are scary,English,否,qrdRo66J7PyzH5w3Oyggfqzo,None,,,
Global Urban Legends Analysis,https://www.global-urban-legends.com/,The Global Encyclopedia of Urban Legends,2. Liminal Spaces & Modern Isolation,https://www.global-urban-legends.com/liminal-spaces-modern-isolation/,"the backrooms explained, liminal spaces horror psychology, uncanny architecture folklore",liminal space photography aesthetics,English,否,qrdRo66J7PyzH5w3Oyggfqzo,None,,,
Global Urban Legends Analysis,https://www.global-urban-legends.com/,The Global Encyclopedia of Urban Legends,2. Liminal Spaces & Modern Isolation,https://www.global-urban-legends.com/liminal-spaces-modern-isolation/,"the backrooms explained, liminal spaces horror psychology, uncanny architecture folklore",psychology of empty hallways,English,否,qrdRo66J7PyzH5w3Oyggfqzo,None,,,
Global Urban Legends Analysis,https://www.global-urban-legends.com/,The Global Encyclopedia of Urban Legends,2. Liminal Spaces & Modern Isolation,https://www.global-urban-legends.com/liminal-spaces-modern-isolation/,"the backrooms explained, liminal spaces horror psychology, uncanny architecture folklore",dreamcore and weirdcore origins,English,否,qrdRo66J7PyzH5w3Oyggfqzo,None,,,
Global Urban Legends Analysis,https://www.global-urban-legends.com/,The Global Encyclopedia of Urban Legends,2. Liminal Spaces & Modern Isolation,https://www.global-urban-legends.com/liminal-spaces-modern-isolation/,"the backrooms explained, liminal spaces horror psychology, uncanny architecture folklore",feeling of being watched in empty buildings,English,否,qrdRo66J7PyzH5w3Oyggfqzo,None,,,
Global Urban Legends Analysis,https://www.global-urban-legends.com/,The Global Encyclopedia of Urban Legends,3. Cryptids & Biological Anomalies,https://www.global-urban-legends.com/cryptids-biological-anomalies/,"mothman sightings history, chupacabra origins, cryptozoology vs folklore",cryptids vs urban legends differences,English,USED,qrdRo66J7PyzH5w3Oyggfqzo,USED,https://www.global-urban-legends.com/cryptids-vs-urban-legends-differences-mothman/,1538,
Global Urban Legends Analysis,https://www.global-urban-legends.com/,The Global Encyclopedia of Urban Legends,3. Cryptids & Biological Anomalies,https://www.global-urban-legends.com/cryptids-biological-anomalies/,"mothman sightings history, chupacabra origins, cryptozoology vs folklore",historical evidence of the mothman,English,USED,qrdRo66J7PyzH5w3Oyggfqzo,USED,https://www.global-urban-legends.com/historical-evidence-of-the-mothman/,1525,
Global Urban Legends Analysis,https://www.global-urban-legends.com/,The Global Encyclopedia of Urban Legends,3. Cryptids & Biological Anomalies,https://www.global-urban-legends.com/cryptids-biological-anomalies/,"mothman sightings history, chupacabra origins, cryptozoology vs folklore",local legends of cryptids map,English,USED,qrdRo66J7PyzH5w3Oyggfqzo,USED,https://www.global-urban-legends.com/local-legends-of-cryptids-map-analysis/,1529,
Global Urban Legends Analysis,https://www.global-urban-legends.com/,The Global Encyclopedia of Urban Legends,3. Cryptids & Biological Anomalies,https://www.global-urban-legends.com/cryptids-biological-anomalies/,"mothman sightings history, chupacabra origins, cryptozoology vs folklore",biological explanation for cryptid sightings,English,USED,qrdRo66J7PyzH5w3Oyggfqzo,USED,https://www.global-urban-legends.com/biological-explanation-for-cryptid-sightings/,1533,
Global Urban Legends Analysis,https://www.global-urban-legends.com/,The Global Encyclopedia of Urban Legends,3. Cryptids & Biological Anomalies,https://www.global-urban-legends.com/cryptids-biological-anomalies/,"mothman sightings history, chupacabra origins, cryptozoology vs folklore",cultural impact of cryptozoology,English,USED,qrdRo66J7PyzH5w3Oyggfqzo,USED,https://www.global-urban-legends.com/cultural-impact-of-cryptozoology/,1542,
Global Urban Legends Analysis,https://www.global-urban-legends.com/,The Global Encyclopedia of Urban Legends,4. Digital Folklore & Creepypastas,https://www.global-urban-legends.com/digital-folklore-creepypastas/,"slender man origins, best creepypastas of all time, digital folklore evolution",creepypasta wiki best stories,English,否,qrdRo66J7PyzH5w3Oyggfqzo,None,,,
Global Urban Legends Analysis,https://www.global-urban-legends.com/,The Global Encyclopedia of Urban Legends,4. Digital Folklore & Creepypastas,https://www.global-urban-legends.com/digital-folklore-creepypastas/,"slender man origins, best creepypastas of all time, digital folklore evolution",evolution of internet horror characters,English,USED,qrdRo66J7PyzH5w3Oyggfqzo,USED,https://www.global-urban-legends.com/evolution-of-internet-horror-characters-from-chain-mail-to-ai/,1597,"觸發：我的小時候是電子郵件剛開始興起的年代，那時總會收到一些「必須在限時期間內轉發給多少人，不然就會受到詛咒。」的電子郵件。
痛點：雖然我並不相信，但電子郵件裡繪聲繪影的描述還是讓小時候的我有些害怕，特別是一些可能涉及家人的詛咒，我都會想說：「萬一是真的，我自己無所謂，但可千萬不要禍害到我的家人啊。」
細節：有一次，我們班上集體收到了某個同學轉發來的郵件，而其中一個人隔天真的就沒來上學，我們都有些害怕，幸好後來證實他只是感冒。他甚至連那封郵件都沒看到。
結論：而後來隨著科技越來越發達，網路恐怖故事傳遞的媒介與方式也越來越多，例如有名的瘦長人。或是一些謠傳隨著電子遊戲而傳播的詛咒。後來甚至有些故事因其精彩的世界觀而被改編成了遊戲或電影。
證據：例如現在十分有名的SCP基金會，就有著一套屬於自己龐大的世界觀與設定，並被改編成電影與遊戲。近年興起的還有所謂的「偽人」系列，誕生出不少「辨認偽人」的遊戲或是漫畫相關作品。"
Global Urban Legends Analysis,https://www.global-urban-legends.com/,The Global Encyclopedia of Urban Legends,4. Digital Folklore & Creepypastas,https://www.global-urban-legends.com/digital-folklore-creepypastas/,"slender man origins, best creepypastas of all time, digital folklore evolution",influence of slender man on real world,English,否,qrdRo66J7PyzH5w3Oyggfqzo,None,,,
Global Urban Legends Analysis,https://www.global-urban-legends.com/,The Global Encyclopedia of Urban Legends,4. Digital Folklore & Creepypastas,https://www.global-urban-legends.com/digital-folklore-creepypastas/,"slender man origins, best creepypastas of all time, digital folklore evolution",digital folklore and lost media,English,USED,qrdRo66J7PyzH5w3Oyggfqzo,USED,https://www.global-urban-legends.com/digital-folklore-and-lost-media-gone-forever/,1602,"觸發：在我青少年的時候，我曾經是一個部落格的忠實讀者，那個部落格是私人創建的，都是一些作者自己寫的短篇故事，大多是關於東南亞一帶的巫術。
痛點：但當我長大後，某天想跟人分享那個故事再回去看時，那個部落格已經不存在了。
細節：我特別喜歡的是裡頭一篇關於台灣的恐怖故事，內容是關於台灣日據時期原住民被日本人殺害後利用薩滿巫術復仇的故事。
偏見：隨著科技的進步，人們不再相信「超自然力量」的存在，但我更傾項所謂的「超自然」只是人類還沒發現或還沒證實存在的力量。也許有一天人類真的會發現死後有一個世界，而那個世界擁有影響現世的力量也說不定呢？
證據：就像在富蘭克林發現電力前，電力可能也是那個時代的「超自然」力量。"
Global Urban Legends Analysis,https://www.global-urban-legends.com/,The Global Encyclopedia of Urban Legends,4. Digital Folklore & Creepypastas,https://www.global-urban-legends.com/digital-folklore-creepypastas/,"slender man origins, best creepypastas of all time, digital folklore evolution",modern internet ghost stories 2026,English,USED,qrdRo66J7PyzH5w3Oyggfqzo,USED,https://www.global-urban-legends.com/modern-internet-ghost-stories-2026/,1551,
Global Urban Legends Analysis,https://www.global-urban-legends.com/,The Global Encyclopedia of Urban Legends,4. Digital Folklore & Creepypastas,https://www.global-urban-legends.com/digital-folklore-creepypastas/,The Backrooms origin,how did the backrooms creepypasta start,English,USED,qrdRo66J7PyzH5w3Oyggfqzo,USED,https://www.global-urban-legends.com/how-did-the-backrooms-creepypasta-start/,1564,
Global Urban Legends Analysis,https://www.global-urban-legends.com/,The Global Encyclopedia of Urban Legends,5. Rituals & Forbidden Games,https://www.global-urban-legends.com/rituals-forbidden-games/,"bloody mary ritual legend, forbidden urban legend games, legend tripping psychology",history of spirit summoning games,English,USED,qrdRo66J7PyzH5w3Oyggfqzo,USED,https://www.global-urban-legends.com/history-of-spirit-summoning-games/,1585,
Global Urban Legends Analysis,https://www.global-urban-legends.com/,The Global Encyclopedia of Urban Legends,5. Rituals & Forbidden Games,https://www.global-urban-legends.com/rituals-forbidden-games/,"bloody mary ritual legend, forbidden urban legend games, legend tripping psychology",hitori kakurenbo instructions safety,English,USED,qrdRo66J7PyzH5w3Oyggfqzo,USED,https://www.global-urban-legends.com/hitori-kakurenbo-instructions-safety-guide/,1580,
Global Urban Legends Analysis,https://www.global-urban-legends.com/,The Global Encyclopedia of Urban Legends,5. Rituals & Forbidden Games,https://www.global-urban-legends.com/rituals-forbidden-games/,"bloody mary ritual legend, forbidden urban legend games, legend tripping psychology",psychology of legend tripping,English,USED,qrdRo66J7PyzH5w3Oyggfqzo,USED,https://www.global-urban-legends.com/psychology-of-legend-tripping-guide/,1555,
Global Urban Legends Analysis,https://www.global-urban-legends.com/,The Global Encyclopedia of Urban Legends,5. Rituals & Forbidden Games,https://www.global-urban-legends.com/rituals-forbidden-games/,"bloody mary ritual legend, forbidden urban legend games, legend tripping psychology",mirror rituals in different cultures,English,USED,qrdRo66J7PyzH5w3Oyggfqzo,USED,https://www.global-urban-legends.com/mirror-rituals-digital-folklore-analysis/,1572,
Global Urban Legends Analysis,https://www.global-urban-legends.com/,The Global Encyclopedia of Urban Legends,5. Rituals & Forbidden Games,https://www.global-urban-legends.com/rituals-forbidden-games/,"bloody mary ritual legend, forbidden urban legend games, legend tripping psychology",why teens play paranormal games,English,USED,qrdRo66J7PyzH5w3Oyggfqzo,USED,https://www.global-urban-legends.com/why-teens-play-paranormal-games-digital-seance/,1547,
Global Urban Legends Analysis,https://www.global-urban-legends.com/,The Global Encyclopedia of Urban Legends,6. Moral Panics & Societal Fears,https://www.global-urban-legends.com/moral-panics-societal-fears/,"moral panic urban legends, organ harvesting myths, social fear folklore",satanic panic history 1980s,English,否,qrdRo66J7PyzH5w3Oyggfqzo,None,,,
Global Urban Legends Analysis,https://www.global-urban-legends.com/,The Global Encyclopedia of Urban Legends,6. Moral Panics & Societal Fears,https://www.global-urban-legends.com/moral-panics-societal-fears/,"moral panic urban legends, organ harvesting myths, social fear folklore",myths about poisoned halloween candy,English,否,qrdRo66J7PyzH5w3Oyggfqzo,None,,,
Global Urban Legends Analysis,https://www.global-urban-legends.com/,The Global Encyclopedia of Urban Legends,6. Moral Panics & Societal Fears,https://www.global-urban-legends.com/moral-panics-societal-fears/,"moral panic urban legends, organ harvesting myths, social fear folklore",organ harvesting legend debunked,English,否,qrdRo66J7PyzH5w3Oyggfqzo,None,,,
Global Urban Legends Analysis,https://www.global-urban-legends.com/,The Global Encyclopedia of Urban Legends,6. Moral Panics & Societal Fears,https://www.global-urban-legends.com/moral-panics-societal-fears/,"moral panic urban legends, organ harvesting myths, social fear folklore",white van abduction rumors social media,English,否,qrdRo66J7PyzH5w3Oyggfqzo,None,,,
Global Urban Legends Analysis,https://www.global-urban-legends.com/,The Global Encyclopedia of Urban Legends,6. Moral Panics & Societal Fears,https://www.global-urban-legends.com/moral-panics-societal-fears/,"moral panic urban legends, organ harvesting myths, social fear folklore",how rumors cause mass hysteria,English,否,qrdRo66J7PyzH5w3Oyggfqzo,None,,,
Global Urban Legends Analysis,https://www.global-urban-legends.com/,The Global Encyclopedia of Urban Legends,7. Cross-Cultural Comparative Folklore,https://www.global-urban-legends.com/cross-cultural-comparative-folklore/,"cross cultural urban legends, kuchisake onna vs la llorona, pontianak folklore origins",japanese vs mexican female ghosts,English,否,qrdRo66J7PyzH5w3Oyggfqzo,None,,,
Global Urban Legends Analysis,https://www.global-urban-legends.com/,The Global Encyclopedia of Urban Legends,7. Cross-Cultural Comparative Folklore,https://www.global-urban-legends.com/cross-cultural-comparative-folklore/,"cross cultural urban legends, kuchisake onna vs la llorona, pontianak folklore origins",pontianak vs la llorona similarities,English,否,qrdRo66J7PyzH5w3Oyggfqzo,None,,,
Global Urban Legends Analysis,https://www.global-urban-legends.com/,The Global Encyclopedia of Urban Legends,7. Cross-Cultural Comparative Folklore,https://www.global-urban-legends.com/cross-cultural-comparative-folklore/,"cross cultural urban legends, kuchisake onna vs la llorona, pontianak folklore origins",global myths of the woman in white,English,否,qrdRo66J7PyzH5w3Oyggfqzo,None,,,
Global Urban Legends Analysis,https://www.global-urban-legends.com/,The Global Encyclopedia of Urban Legends,7. Cross-Cultural Comparative Folklore,https://www.global-urban-legends.com/cross-cultural-comparative-folklore/,"cross cultural urban legends, kuchisake onna vs la llorona, pontianak folklore origins",cultural variations of the hookman,English,否,qrdRo66J7PyzH5w3Oyggfqzo,None,,,
Global Urban Legends Analysis,https://www.global-urban-legends.com/,The Global Encyclopedia of Urban Legends,7. Cross-Cultural Comparative Folklore,https://www.global-urban-legends.com/cross-cultural-comparative-folklore/,"cross cultural urban legends, kuchisake onna vs la llorona, pontianak folklore origins",universal themes in world folklore,English,否,qrdRo66J7PyzH5w3Oyggfqzo,None,,,
Global Urban Legends Analysis,https://www.global-urban-legends.com/,The Global Encyclopedia of Urban Legends,7. Cross-Cultural Comparative Folklore,https://www.global-urban-legends.com/cross-cultural-comparative-folklore/,Kuchisake Onna myth,kuchisake onna origin story explained,English,否,qrdRo66J7PyzH5w3Oyggfqzo,None,,,
Global Urban Legends Analysis,https://www.global-urban-legends.com/,The Global Encyclopedia of Urban Legends,Cryptids & Unknown Creatures,https://www.global-urban-legends.com/,Mothman sightings,is mothman an alien or a cryptid,English,否,qrdRo66J7PyzH5w3Oyggfqzo,None,,,
Global Urban Legends Analysis,https://www.global-urban-legends.com/,The Global Encyclopedia of Urban Legends,Psychological Horror Origins,https://www.global-urban-legends.com/,Uncanny valley psychology,why are humans scared of uncanny valley,English,USED,qrdRo66J7PyzH5w3Oyggfqzo,USED,https://www.global-urban-legends.com/why-are-humans-scared-of-uncanny-valley/,1576,
Global Urban Legends Analysis,https://www.global-urban-legends.com/,The Global Encyclopedia of Urban Legends,Paranormal Games & Rituals,https://www.global-urban-legends.com/,Midnight game rules,history of the midnight game ritual,English,否,qrdRo66J7PyzH5w3Oyggfqzo,None,,,