Site,Pillar Post Title,Pillar Post Dimension,Keyword Slug,Keyword
Dream Interpretation,The Master Encyclopedia of Dreams,1. Neurobiological Foundations,"REM sleep neuroscience, brain activity during dreams, sleep stages memory",brain waves during rem sleep
Dream Interpretation,The Master Encyclopedia of Dreams,1. Neurobiological Foundations,"REM sleep neuroscience, brain activity during dreams, sleep stages memory",why do dreams feel real science
Dream Interpretation,The Master Encyclopedia of Dreams,1. Neurobiological Foundations,"REM sleep neuroscience, brain activity during dreams, sleep stages memory",rem sleep and memory consolidation study
Dream Interpretation,The Master Encyclopedia of Dreams,1. Neurobiological Foundations,"REM sleep neuroscience, brain activity during dreams, sleep stages memory",neurobiology of dreaming and emotional processing
Dream Interpretation,The Master Encyclopedia of Dreams,1. Neurobiological Foundations,"REM sleep neuroscience, brain activity during dreams, sleep stages memory",role of amygdala in dreams
Dream Interpretation,The Master Encyclopedia of Dreams,2. Jungian Archetypes,"Jungian archetypes, collective unconscious symbols, shadow self dreams",jungian dream analysis symbols list
Dream Interpretation,The Master Encyclopedia of Dreams,2. Jungian Archetypes,"Jungian archetypes, collective unconscious symbols, shadow self dreams",meaning of shadow in dreams jung
Dream Interpretation,The Master Encyclopedia of Dreams,2. Jungian Archetypes,"Jungian archetypes, collective unconscious symbols, shadow self dreams",collective unconscious vs personal unconscious examples
Dream Interpretation,The Master Encyclopedia of Dreams,2. Jungian Archetypes,"Jungian archetypes, collective unconscious symbols, shadow self dreams",anima and animus in dreams
Dream Interpretation,The Master Encyclopedia of Dreams,2. Jungian Archetypes,"Jungian archetypes, collective unconscious symbols, shadow self dreams",individuation process through dream work
Dream Interpretation,The Master Encyclopedia of Dreams,3. Freudian Psychoanalysis,"Freudian dreamwork, repressed desires sleep, manifest latent content",sigmund freud interpretation of dreams latent content
Dream Interpretation,The Master Encyclopedia of Dreams,3. Freudian Psychoanalysis,"Freudian dreamwork, repressed desires sleep, manifest latent content",freudian symbols in dreams examples
Dream Interpretation,The Master Encyclopedia of Dreams,3. Freudian Psychoanalysis,"Freudian dreamwork, repressed desires sleep, manifest latent content",wish fulfillment theory in dreaming
Dream Interpretation,The Master Encyclopedia of Dreams,3. Freudian Psychoanalysis,"Freudian dreamwork, repressed desires sleep, manifest latent content",repressed emotions appearing in dreams
Dream Interpretation,The Master Encyclopedia of Dreams,3. Freudian Psychoanalysis,"Freudian dreamwork, repressed desires sleep, manifest latent content",manifest vs latent content of dreams simplified
Dream Interpretation,The Master Encyclopedia of Dreams,4. Evolutionary Threat Simulation,"evolutionary nightmares, threat simulation theory, survival instinct dreams",threat simulation theory of dreaming research
Dream Interpretation,The Master Encyclopedia of Dreams,4. Evolutionary Threat Simulation,"evolutionary nightmares, threat simulation theory, survival instinct dreams",evolutionary reason for recurring nightmares
Dream Interpretation,The Master Encyclopedia of Dreams,4. Evolutionary Threat Simulation,"evolutionary nightmares, threat simulation theory, survival instinct dreams",why do humans dream of being chased
Dream Interpretation,The Master Encyclopedia of Dreams,4. Evolutionary Threat Simulation,"evolutionary nightmares, threat simulation theory, survival instinct dreams",survival instincts in sleep
Dream Interpretation,The Master Encyclopedia of Dreams,4. Evolutionary Threat Simulation,"evolutionary nightmares, threat simulation theory, survival instinct dreams",adaptive function of bad dreams
Dream Interpretation,The Master Encyclopedia of Dreams,5. Universal Symbolic Themes,"falling in dreams meaning, teeth falling out stress, flying dream symbolism",spiritual meaning of flying in dreams
Dream Interpretation,The Master Encyclopedia of Dreams,5. Universal Symbolic Themes,"falling in dreams meaning, teeth falling out stress, flying dream symbolism",psychology of falling in dreams
Dream Interpretation,The Master Encyclopedia of Dreams,5. Universal Symbolic Themes,"falling in dreams meaning, teeth falling out stress, flying dream symbolism",teeth falling out in dream meaning anxiety
Dream Interpretation,The Master Encyclopedia of Dreams,5. Universal Symbolic Themes,"falling in dreams meaning, teeth falling out stress, flying dream symbolism",seeing snakes in dream meaning psychology
Dream Interpretation,The Master Encyclopedia of Dreams,5. Universal Symbolic Themes,"falling in dreams meaning, teeth falling out stress, flying dream symbolism",common dream symbols and their meanings list
Dream Interpretation,The Master Encyclopedia of Dreams,6. Lucid Dreaming & Agency,"lucid dreaming guide, MILD technique, PTSD nightmare therapy",how to lucid dream for beginners fast
Dream Interpretation,The Master Encyclopedia of Dreams,6. Lucid Dreaming & Agency,"lucid dreaming guide, MILD technique, PTSD nightmare therapy",mild technique vs wild method
Dream Interpretation,The Master Encyclopedia of Dreams,6. Lucid Dreaming & Agency,"lucid dreaming guide, MILD technique, PTSD nightmare therapy",reality checks for lucid dreaming list
Dream Interpretation,The Master Encyclopedia of Dreams,6. Lucid Dreaming & Agency,"lucid dreaming guide, MILD technique, PTSD nightmare therapy",lucid dreaming for ptsd recovery
Dream Interpretation,The Master Encyclopedia of Dreams,6. Lucid Dreaming & Agency,"lucid dreaming guide, MILD technique, PTSD nightmare therapy",can everyone learn to lucid dream
Dream Interpretation,The Master Encyclopedia of Dreams,7. Cultural & Spiritual Evolution,"history of dream interpretation, cultural significance dreams, spiritual dreaming",ancient egyptian dream interpretation symbols
Dream Interpretation,The Master Encyclopedia of Dreams,7. Cultural & Spiritual Evolution,"history of dream interpretation, cultural significance dreams, spiritual dreaming",history of dream analysis in western psychology
Dream Interpretation,The Master Encyclopedia of Dreams,7. Cultural & Spiritual Evolution,"history of dream interpretation, cultural significance dreams, spiritual dreaming",biblical meaning of dreams and visions
Dream Interpretation,The Master Encyclopedia of Dreams,7. Cultural & Spiritual Evolution,"history of dream interpretation, cultural significance dreams, spiritual dreaming",shamanic dream practices for healing
Dream Interpretation,The Master Encyclopedia of Dreams,7. Cultural & Spiritual Evolution,"history of dream interpretation, cultural significance dreams, spiritual dreaming",secular spirituality in modern dream work
Joaillerie,L'Encyclopédie des Symboles,Langage des Doigts,Symbolisme des bagues par doigt,signification bague index
Joaillerie,L'Encyclopédie des Symboles,Langage des Doigts,Symbolisme des bagues par doigt,bague au pouce signification psychologique
Joaillerie,L'Encyclopédie des Symboles,Langage des Doigts,Symbolisme des bagues par doigt,porter une bague au petit doigt
Joaillerie,L'Encyclopédie des Symboles,Langage des Doigts,Symbolisme des bagues par doigt,signification alliance main droite
Joaillerie,L'Encyclopédie des Symboles,Langage des Doigts,Symbolisme des bagues par doigt,bague médius signification spirituelle
Joaillerie,L'Encyclopédie des Symboles,Énergie des Pierres,Vertus spirituelles des pierres,pouvoir des pierres precieuses
Joaillerie,L'Encyclopédie des Symboles,Énergie des Pierres,Vertus spirituelles des pierres,pierre de lune signification spirituelle
Joaillerie,L'Encyclopédie des Symboles,Énergie des Pierres,Vertus spirituelles des pierres,lithotherapie pierres protection
Joaillerie,L'Encyclopédie des Symboles,Énergie des Pierres,Vertus spirituelles des pierres,bienfaits emeraude chakra coeur
Joaillerie,L'Encyclopédie des Symboles,Énergie des Pierres,Vertus spirituelles des pierres,saphir bleu propriétés ésotériques
Joaillerie,L'Encyclopédie des Symboles,Totems de Protection,Totems et Protection Antique,oeil bleu grec signification
Joaillerie,L'Encyclopédie des Symboles,Totems de Protection,Totems et Protection Antique,main de fatma pendentif signification
Joaillerie,L'Encyclopédie des Symboles,Totems de Protection,Totems et Protection Antique,symbole scarabée égyptien bijoux
Joaillerie,L'Encyclopédie des Symboles,Totems de Protection,Totems et Protection Antique,protection mauvais oeil bijoux
Joaillerie,L'Encyclopédie des Symboles,Totems de Protection,Totems et Protection Antique,hamsa bijoux porte bonheur
Joaillerie,L'Encyclopédie des Symboles,Alchimie des Métaux,Métaux et Énergie Alchimique,symbolique de l'or en bijouterie
Joaillerie,L'Encyclopédie des Symboles,Alchimie des Métaux,Métaux et Énergie Alchimique,argent massif vertus spirituelles
Joaillerie,L'Encyclopédie des Symboles,Alchimie des Métaux,Métaux et Énergie Alchimique,difference or jaune et or rose symbole
Joaillerie,L'Encyclopédie des Symboles,Alchimie des Métaux,Métaux et Énergie Alchimique,platine symbolisme force
Joaillerie,L'Encyclopédie des Symboles,Alchimie des Métaux,Métaux et Énergie Alchimique,bijoux en cuivre bienfaits santé
Joaillerie,L'Encyclopédie des Symboles,Rites de Passage,Bijoux et Rites de Passage,histoire bague de fiancailles
Joaillerie,L'Encyclopédie des Symboles,Rites de Passage,Bijoux et Rites de Passage,bijoux de deuil victoriens
Joaillerie,L'Encyclopédie des Symboles,Rites de Passage,Bijoux et Rites de Passage,offrir un bracelet d'amitié symbole
Joaillerie,L'Encyclopédie des Symboles,Rites de Passage,Bijoux et Rites de Passage,bijoux de famille transmission
Joaillerie,L'Encyclopédie des Symboles,Rites de Passage,Bijoux et Rites de Passage,medaille de bapteme signification
Joaillerie,L'Encyclopédie des Symboles,Identité et Styles,Styles et Identité Sociale,signification collier choker histoire
Joaillerie,L'Encyclopédie des Symboles,Identité et Styles,Styles et Identité Sociale,bijoux gothiques symbolisme
Joaillerie,L'Encyclopédie des Symboles,Identité et Styles,Styles et Identité Sociale,tendance bijoux minimalistes
Joaillerie,L'Encyclopédie des Symboles,Identité et Styles,Styles et Identité Sociale,look bijoux bohème chic
Joaillerie,L'Encyclopédie des Symboles,Identité et Styles,Styles et Identité Sociale,piercing oreille signification culturelle
Joaillerie,L'Encyclopédie des Symboles,Secrets de la Nature,Symbolisme de la Nature,bijoux serpent signification spirituelle
Joaillerie,L'Encyclopédie des Symboles,Secrets de la Nature,Symbolisme de la Nature,pendentif papillon symbole renaissance
Joaillerie,L'Encyclopédie des Symboles,Secrets de la Nature,Symbolisme de la Nature,symbole abeille joaillerie
Joaillerie,L'Encyclopédie des Symboles,Secrets de la Nature,Symbolisme de la Nature,bijoux fleur de lys royauté
Joaillerie,L'Encyclopédie des Symboles,Secrets de la Nature,Symbolisme de la Nature,signification plume en bijoux
ミニマリスト・デスクセットアップ,ミニマリスト・デスクセットアップの究極ガイド,1. 機能的人間工学 (Functional Ergonomics),"デスク 人間工学, モニターアーム 位置, 疲れにくい デスクセットアップ",デスクワーク 姿勢 矯正 グッズ
ミニマリスト・デスクセットアップ,ミニマリスト・デスクセットアップの究極ガイド,1. 機能的人間工学 (Functional Ergonomics),"デスク 人間工学, モニターアーム 位置, 疲れにくい デスクセットアップ",モニターアーム おすすめ 4K
ミニマリスト・デスクセットアップ,ミニマリスト・デスクセットアップの究極ガイド,1. 機能的人間工学 (Functional Ergonomics),"デスク 人間工学, モニターアーム 位置, 疲れにくい デスクセットアップ",腰痛にならない椅子 選び方 在宅
ミニマリスト・デスクセットアップ,ミニマリスト・デスクセットアップの究極ガイド,1. 機能的人間工学 (Functional Ergonomics),"デスク 人間工学, モニターアーム 位置, 疲れにくい デスクセットアップ",在宅勤務 デスク 高さ 計算
ミニマリスト・デスクセットアップ,ミニマリスト・デスクセットアップの究極ガイド,1. 機能的人間工学 (Functional Ergonomics),"デスク 人間工学, モニターアーム 位置, 疲れにくい デスクセットアップ",エルゴノミクス キーボード メリット
ミニマリスト・デスクセットアップ,ミニマリスト・デスクセットアップの究極ガイド,2. 色彩理論と素材感 (Color Theory & Materiality),"ミニマリスト デスク 色, デスクマット 素材, 木目調 デスク インテリア",ホワイトデスク セットアップ おしゃれ
ミニマリスト・デスクセットアップ,ミニマリスト・デスクセットアップの究極ガイド,2. 色彩理論と素材感 (Color Theory & Materiality),"ミニマリスト デスク 色, デスクマット 素材, 木目調 デスク インテリア",フェルト デスクマット 滑り止め
ミニマリスト・デスクセットアップ,ミニマリスト・デスクセットアップの究極ガイド,2. 色彩理論と素材感 (Color Theory & Materiality),"ミニマリスト デスク 色, デスクマット 素材, 木目調 デスク インテリア",ウォールナット デスク 経年変化
ミニマリスト・デスクセットアップ,ミニマリスト・デスクセットアップの究極ガイド,2. 色彩理論と素材感 (Color Theory & Materiality),"ミニマリスト デスク 色, デスクマット 素材, 木目調 デスク インテリア",デスク周り 統一感 出し方
ミニマリスト・デスクセットアップ,ミニマリスト・デスクセットアップの究極ガイド,2. 色彩理論と素材感 (Color Theory & Materiality),"ミニマリスト デスク 色, デスクマット 素材, 木目調 デスク インテリア",マットブラック ガジェット おすすめ
ミニマリスト・デスクセットアップ,ミニマリスト・デスクセットアップの究極ガイド,3. 配線管理の美学 (Cable Management),"デスク 配線 隠す, ケーブルマネジメント 便利グッズ, デスク 整理術",デスク下 配線 100均
ミニマリスト・デスクセットアップ,ミニマリスト・デスクセットアップの究極ガイド,3. 配線管理の美学 (Cable Management),"デスク 配線 隠す, ケーブルマネジメント 便利グッズ, デスク 整理術",ケーブルトレー 取り付け 穴あけ不要
ミニマリスト・デスクセットアップ,ミニマリスト・デスクセットアップの究極ガイド,3. 配線管理의 美學 (Cable Management),"デスク 配線 隠す, ケーブルマネジメント 便利グッズ, デスク 整理術",ワイヤレス充電 デスク 埋め込み
ミニマリスト・デスクセットアップ,ミニマリスト・デスクセットアップの究極ガイド,3. 配線管理の美學 (Cable Management),"デスク 配線 隠す, ケーブルマネジメント 便利グッズ, デスク 整理術",マグネット ケーブルホルダー 使い方
ミニマリスト・デスクセットアップ,ミニマリスト・デスクセットアップの究極ガイド,3. 配線管理の美學 (Cable Management),"デスク 配線 隠す, ケーブルマネジメント 便利グッズ, デスク 整理術",電源タップ 隠す ボックス
ミニマリスト・デスクセットアップ,ミニマリスト・デスクセットアップの究極ガイド,4. 照明とサーカディアンリズム (Lighting Design),"モニターライト メリット, デスク 照明 集中力, サーカディアンリズム 工作",BenQ ScreenBar 違い 比較
ミニマリスト・デスクセットアップ,ミニマリスト・デスクセットアップの究極ガイド,4. 照明とサーカディアンリズム (Lighting Design),"モニターライト メリット, デスク 照明 集中力, サーカディアンリズム 工作",デスクライト 目に優しい 学習用
ミニマリスト・デスクセットアップ,ミニマリスト・デスクセットアップの究極ガイド,4. 照明とサーカディアンリズム (Lighting Design),"モニターライト メリット, デスク 照明 集中力, サーカディアンリズム 工作",間接照明 デスク おしゃれ テープライト
ミニマリスト・デスクセットアップ,ミニマリスト・デスクセットアップの究極ガイド,4. 照明とサーカディアンリズム (Lighting Design),"モニターライト メリット, デスク 照明 集中力, サーカディアンリズム 工作",集中力 高める 照明 色温度
ミニマリスト・デスクセットアップ,ミニマリスト・デスクセットアップの究極ガイド,4. 照明とサーカディアンリズム (Lighting Design),"モニターライト メリット, デスク 照明 集中力, サーカディアンリズム 工作",モニターライト 反射 対策
ミニマリスト・デスクセットアップ,ミニマリスト・デスクセットアップの究極ガイド,5. デジタル・ミニマリズム (Digital Minimalism),"デスクトップ 整理術, デジタルミニマリズム 方法, ウルトラワイド 生産性",デスクトップ アイコン 隠す Mac
ミニマリスト・デスクセットアップ,ミニマリスト・デスクセットアップの究極ガイド,5. デジタル・ミニマリズム (Digital Minimalism),"デスクトップ 整理術, デジタルミニマリズム 方法, ウルトラワイド 生産性",Windows11 デスクトップ カスタマイズ
ミニマリスト・デスクセットアップ,ミニマリスト・デスクセットアップの究極ガイド,5. デジタル・ミニマリズム (Digital Minimalism),"デスクトップ 整理術, デジタルミニマリズム 方法, ウルトラワイド 生産性",ウルトラワイドモニター 画面分割 ソフト
ミニマリスト・デスクセットアップ,ミニマリスト・デスクセットアップの究極ガイド,5. デジタル・ミニマリズム (Digital Minimalism),"デスクトップ 整理術, デジタルミニマリズム 方法, ウルトラワイド 生産性",デジタル整理術 フォルダ分け ルール
ミニマリスト・デスクセットアップ,ミニマリスト・デスクセットアップの究極ガイド,5. デジタル・ミニマリズム (Digital Minimalism),"デスクトップ 整理術, デジタルミニマリズム 方法, ウルトラワイド 生産性",ミニマリスト 壁紙 4K PC
ミニマリスト・デスクセットアップ,ミニマリスト・デスクセットアップの究極ガイド,6. バイオフィリックデザイン (Biophilic Design),"デスク 觀葉植物, デスク アロマ 集中力, メカニカルキーボード 仕事",デスクに置く 観葉植物 初心者
ミニマリスト・デスクセットアップ,ミニマリスト・デスクセットアップの究極ガイド,6. バイオフィリックデザイン (Biophilic Design),"デスク 觀葉植物, デスク アロマ 集中力, メカニカルキーボード 仕事",サンスベリア 卓上 サイズ おすすめ
ミニマリスト・デスクセットアップ,ミニマリスト・デスクセットアップの究極ガイド,6. バイオフィリックデザイン (Biophilic Design),"デスク 觀葉植物, デスク アロマ 集中力, メカニカルキーボード 仕事",デスク 香り 集中 アロマディフューザー
ミニマリスト・デスクセットアップ,ミニマリスト・デスクセットアップの究極ガイド,6. バイオフィリックデザイン (Biophilic Design),"デスク 觀葉植物, デスク アロマ 集中力, メカニカルキーボード 仕事",メカニカルキーボード 静音軸 オフィス
ミニマリスト・デスクセットアップ,ミニマリスト・デスクセットアップの究極ガイド,6. バイオフィリックデザイン (Biophilic Design),"デスク 觀葉植物, デスク アロマ 集中力, メカニカルキーボード 仕事",天然素材 デスクオーガナイザー 木製
ミニマリスト・デスクセットアップ,ミニマリスト・デスクセットアップの究極ガイド,7. 集中とフローの心理学 (Psychology of Flow),"集中力 デスク 整理, 生産性向上 ワークスペース, フロー状態 環境",ゾーンに入る方法 仕事 集中
ミニマリスト・デスクセットアップ,ミニマリスト・デスクセットアップの究極ガイド,7. 集中とフローの心理学 (Psychology of Flow),"集中力 デスク 整理, 生産性向上 ワークスペース, フロー状態 環境",集中力を維持する デスク配置
ミニマリスト・デスクセットアップ,ミニマリスト・デスクセットアップの究極ガイド,7. 集中とフローの心理學 (Psychology of Flow),"集中力 デスク 整理, 生産性向上 ワークスペース, フロー状態 環境",ポモドーロテクニック アプリ デスク
ミニマリスト・デスクセットアップ,ミニマリスト・デスクセットアップ的究極ガイド,7. 集中とフローの心理學 (Psychology of Flow),"集中力 デスク 整理, 生産性向上 ワークスペース, フロー状態 環境",机の上が綺麗な人の特徴 心理
ミニマリスト・デスクセットアップ,ミニマリスト・デスクセットアップ的究極ガイド,7. 集中とフローの心理學 (Psychology of Flow),"集中力 デスク 整理, 生産性向上 ワークスペース, フロー状態 環境",作業効率 爆上げ ワークスペース
Global Urban Legends Analysis,The Global Encyclopedia of Urban Legends,1. Psychological Foundations & Anxiety,"psychology of urban legends, why do urban legends spread, FOAF effect folklore",evolutionary purpose of scary stories
Global Urban Legends Analysis,The Global Encyclopedia of Urban Legends,1. Psychological Foundations & Anxiety,"psychology of urban legends, why do urban legends spread, FOAF effect folklore",friend of a friend effect sociology
Global Urban Legends Analysis,The Global Encyclopedia of Urban Legends,1. Psychological Foundations & Anxiety,"psychology of urban legends, why do urban legends spread, FOAF effect folklore",urban legends as social control
Global Urban Legends Analysis,The Global Encyclopedia of Urban Legends,1. Psychological Foundations & Anxiety,"psychology of urban legends, why do urban legends spread, FOAF effect folklore",why brains believe scary myths
Global Urban Legends Analysis,The Global Encyclopedia of Urban Legends,1. Psychological Foundations & Anxiety,"psychology of urban legends, why do urban legends spread, FOAF effect folklore",psychological triggers of viral folklore
Global Urban Legends Analysis,The Global Encyclopedia of Urban Legends,2. Liminal Spaces & Modern Isolation,"the backrooms explained, liminal spaces horror psychology, uncanny architecture folklore",why empty malls are scary
Global Urban Legends Analysis,The Global Encyclopedia of Urban Legends,2. Liminal Spaces & Modern Isolation,"the backrooms explained, liminal spaces horror psychology, uncanny architecture folklore",liminal space photography aesthetics
Global Urban Legends Analysis,The Global Encyclopedia of Urban Legends,2. Liminal Spaces & Modern Isolation,"the backrooms explained, liminal spaces horror psychology, uncanny architecture folklore",psychology of empty hallways
Global Urban Legends Analysis,The Global Encyclopedia of Urban Legends,2. Liminal Spaces & Modern Isolation,"the backrooms explained, liminal spaces horror psychology, uncanny architecture folklore",dreamcore and weirdcore origins
Global Urban Legends Analysis,The Global Encyclopedia of Urban Legends,2. Liminal Spaces & Modern Isolation,"the backrooms explained, liminal spaces horror psychology, uncanny architecture folklore",feeling of being watched in empty buildings
Global Urban Legends Analysis,The Global Encyclopedia of Urban Legends,3. Cryptids & Biological Anomalies,"mothman sightings history, chupacabra origins, cryptozoology vs folklore",cryptids vs urban legends differences
Global Urban Legends Analysis,The Global Encyclopedia of Urban Legends,3. Cryptids & Biological Anomalies,"mothman sightings history, chupacabra origins, cryptozoology vs folklore",historical evidence of the mothman
Global Urban Legends Analysis,The Global Encyclopedia of Urban Legends,3. Cryptids & Biological Anomalies,"mothman sightings history, chupacabra origins, cryptozoology vs folklore",local legends of cryptids map
Global Urban Legends Analysis,The Global Encyclopedia of Urban Legends,3. Cryptids & Biological Anomalies,"mothman sightings history, chupacabra origins, cryptozoology vs folklore",biological explanation for cryptid sightings
Global Urban Legends Analysis,The Global Encyclopedia of Urban Legends,3. Cryptids & Biological Anomalies,"mothman sightings history, chupacabra origins, cryptozoology vs folklore",cultural impact of cryptozoology
Global Urban Legends Analysis,The Global Encyclopedia of Urban Legends,4. Digital Folklore & Creepypastas,"slender man origins, best creepypastas of all time, digital folklore evolution",creepypasta wiki best stories
Global Urban Legends Analysis,The Global Encyclopedia of Urban Legends,4. Digital Folklore & Creepypastas,"slender man origins, best creepypastas of all time, digital folklore evolution",evolution of internet horror characters
Global Urban Legends Analysis,The Global Encyclopedia of Urban Legends,4. Digital Folklore & Creepypastas,"slender man origins, best creepypastas of all time, digital folklore evolution",influence of slender man on real world
Global Urban Legends Analysis,The Global Encyclopedia of Urban Legends,4. Digital Folklore & Creepypastas,"slender man origins, best creepypastas of all time, digital folklore evolution",digital folklore and lost media
Global Urban Legends Analysis,The Global Encyclopedia of Urban Legends,4. Digital Folklore & Creepypastas,"slender man origins, best creepypastas of all time, digital folklore evolution",modern internet ghost stories 2026
Global Urban Legends Analysis,The Global Encyclopedia of Urban Legends,5. Rituals & Forbidden Games,"bloody mary ritual legend, forbidden urban legend games, legend tripping psychology",history of spirit summoning games
Global Urban Legends Analysis,The Global Encyclopedia of Urban Legends,5. Rituals & Forbidden Games,"bloody mary ritual legend, forbidden urban legend games, legend tripping psychology",hitori kakurenbo instructions safety
Global Urban Legends Analysis,The Global Encyclopedia of Urban Legends,5. Rituals & Forbidden Games,"bloody mary ritual legend, forbidden urban legend games, legend tripping psychology",psychology of legend tripping
Global Urban Legends Analysis,The Global Encyclopedia of Urban Legends,5. Rituals & Forbidden Games,"bloody mary ritual legend, forbidden urban legend games, legend tripping psychology",mirror rituals in different cultures
Global Urban Legends Analysis,The Global Encyclopedia of Urban Legends,5. Rituals & Forbidden Games,"bloody mary ritual legend, forbidden urban legend games, legend tripping psychology",why teens play paranormal games
Global Urban Legends Analysis,The Global Encyclopedia of Urban Legends,6. Moral Panics & Societal Fears,"moral panic urban legends, organ harvesting myths, social fear folklore",satanic panic history 1980s
Global Urban Legends Analysis,The Global Encyclopedia of Urban Legends,6. Moral Panics & Societal Fears,"moral panic urban legends, organ harvesting myths, social fear folklore",myths about poisoned halloween candy
Global Urban Legends Analysis,The Global Encyclopedia of Urban Legends,6. Moral Panics & Societal Fears,"moral panic urban legends, organ harvesting myths, social fear folklore",organ harvesting legend debunked
Global Urban Legends Analysis,The Global Encyclopedia of Urban Legends,6. Moral Panics & Societal Fears,"moral panic urban legends, organ harvesting myths, social fear folklore",white van abduction rumors social media
Global Urban Legends Analysis,The Global Encyclopedia of Urban Legends,6. Moral Panics & Societal Fears,"moral panic urban legends, organ harvesting myths, social fear folklore",how rumors cause mass hysteria
Global Urban Legends Analysis,The Global Encyclopedia of Urban Legends,7. Cross-Cultural Comparative Folklore,"cross cultural urban legends, kuchisake onna vs la llorona, pontianak folklore origins",japanese vs mexican female ghosts
Global Urban Legends Analysis,The Global Encyclopedia of Urban Legends,7. Cross-Cultural Comparative Folklore,"cross cultural urban legends, kuchisake onna vs la llorona, pontianak folklore origins",pontianak vs la llorona similarities
Global Urban Legends Analysis,The Global Encyclopedia of Urban Legends,7. Cross-Cultural Comparative Folklore,"cross cultural urban legends, kuchisake onna vs la llorona, pontianak folklore origins",global myths of the woman in white
Global Urban Legends Analysis,The Global Encyclopedia of Urban Legends,7. Cross-Cultural Comparative Folklore,"cross cultural urban legends, kuchisake onna vs la llorona, pontianak folklore origins",cultural variations of the hookman
Global Urban Legends Analysis,The Global Encyclopedia of Urban Legends,7. Cross-Cultural Comparative Folklore,"cross cultural urban legends, kuchisake onna vs la llorona, pontianak folklore origins",universal themes in world folklore