Site,Pillar Post Title,Pillar Post Dimension,Pillar Post Dimension article,Keyword slug,FAQ
Dream Interpretation,The Master Encyclopedia of Dreams,1. Neurobiological Foundations,"Dreams are biological byproducts of the REM (Rapid Eye Movement) cycle. Neuroscientifically, the brain’s amygdala fires intensely while the prefrontal cortex—the seat of logic—remains dormant. This imbalance explains why dreams are emotionally vivid yet logically bizarre. This stage is crucial for neuroplasticity and memory consolidation, acting as a ""nightly cleanup"" to process information. Understanding this biological engine moves interpretation from mysticism to evidence-based mental wellness.","REM sleep neuroscience, brain activity during dreams, sleep stages memory","1. Why forget dreams? (Low norepinephrine). 2. Do animals dream? (Yes, mammals do). 3. Brain waves? (High-frequency $β$ and $γ$). 4. Can we stop dreaming? (No, essential for life). 5. REM length? (Increases through night)."
Dream Interpretation,The Master Encyclopedia of Dreams,2. Jungian Archetypes,"Carl Jung proposed the ""Collective Unconscious,"" a reservoir of universal symbols shared by all humans. Dimensions of the psyche such as the Shadow (rejected self), the Anima/Animus (inner gender polarities), and the Wise Old Man appear in dreams to guide ""individuation."" Jung saw dreams as constructive messages for psychic integration. By recognizing these archetypes, individuals can transcend personal trauma and connect with the mythological layer of human experience.","Jungian archetypes, collective unconscious symbols, shadow self dreams","1. What is the Shadow? (Hidden traits). 2. Are archetypes universal? (Yes, across cultures). 3. What is Individuation? (Psychological wholeness). 4. Can archetypes talk? (Yes, as personified figures). 5. Jung vs Freud? (Jung focus on growth, not just sex)."
Dream Interpretation,The Master Encyclopedia of Dreams,3. Freudian Psychoanalysis,"Sigmund Freud viewed dreams as the ""Royal Road to the Unconscious,"" primarily focused on ""Wish Fulfillment."" He distinguished between the ""Manifest Content"" (the literal dream) and the ""Latent Content"" (the hidden desire). Through ""Dreamwork,"" the mind disguises forbidden impulses to protect sleep. This dimension explores how childhood traumas and repressed emotions manifest in coded symbols, offering a window into the unresolved internal conflicts of the ego.","Freudian dreamwork, repressed desires sleep, manifest latent content","1. Is every dream sexual? (No, but many are). 2. What is the Censor? (Mind's internal filter). 3. Latent vs Manifest? (Meaning vs Story). 4. Dreamwork aim? (To protect sleep). 5. Repression symbols? (Everyday objects as proxies)."
Dream Interpretation,The Master Encyclopedia of Dreams,4. Evolutionary Threat Simulation,"The Threat Simulation Theory (TST) posits that dreams evolved as a survival mechanism. By simulating dangerous scenarios—being chased, attacked, or social failure—the brain rehearses responses in a safe environment. This strengthens the fight-or-flight reflex for real-world threats. Analyzing nightmares through this evolutionary lens reveals that many ""scary"" dreams are actually adaptive biological exercises designed to sharpen our ancestral survival instincts.","evolutionary nightmares, threat simulation theory, survival instinct dreams","1. Why nightmares? (Survival practice). 2. Is fear beneficial? (Yes, for preparation). 3. Ancient themes? (Falling, being hunted). 4. Modern stressors? (Public speaking as threat). 5. Nightmares in children? (More frequent for learning)."
Dream Interpretation,The Master Encyclopedia of Dreams,5. Universal Symbolic Themes,"Universal dreams—such as falling, flying, or teeth falling out—reflect shared human stressors. Falling often correlates with a perceived loss of control in life; flying represents freedom or cognitive transcendence. Losing teeth typically links to anxieties regarding self-image and communication. This dimension provides a lexicon of common dream motifs, mapping them to specific psychological states to bridge the gap between abstract visions and daily emotional reality.","falling in dreams meaning, teeth falling out stress, flying dream symbolism",1. Falling meaning? (Insecurity). 2. Teeth falling? (Social anxiety). 3. Flying meaning? (Empowerment). 4. Naked in public? (Vulnerability). 5. Being late? (Missed opportunity).
Dream Interpretation,The Master Encyclopedia of Dreams,6. Lucid Dreaming & Agency,"Lucid dreaming occurs when the dreamer becomes conscious within the dream state, potentially exerting control over the narrative. Techniques like MILD and WILD bridge the gap between awareness and sleep. From a therapeutic standpoint, lucid dreaming offers a tool for treating PTSD and phobias, allowing individuals to confront fears safely. This dimension explores the balance between subconscious spontaneity and conscious intervention in the sleeping mind.","lucid dreaming guide, MILD technique, PTSD nightmare therapy","1. How to start? (Reality checks). 2. Is it safe? (Yes, generally). 3. Benefit for PTSD? (Rewriting nightmares). 4. Reality check types? (Clock, hands, gravity). 5. Can anyone do it? (Yes, with practice)."
Dream Interpretation,The Master Encyclopedia of Dreams,7. Cultural & Spiritual Evolution,"Cultural perceptions of dreams have shifted from divine revelations to secular self-analysis. Ancient Egyptians built ""Dream Temples"" for healing, while indigenous cultures use ""Vision Quests"" for social guidance. In the modern era, dreams are often viewed as a form of personal self-actualization. This dimension explores how our cultural lens dictates our relationship with the subconscious, reflecting the broader evolution of human belief systems and meaning-making.","history of dream interpretation, cultural significance dreams, spiritual dreaming",1. Ancient Greeks? (Gods' messages). 2. Native Americans? (Spiritual guides). 3. Middle Ages? (Demonic influence). 4. Modern secular view? (Self-discovery). 5. Dream journals? (Modern tool for insight).
Joaillerie et Symbolique,L'Encyclopédie des Symboles de Bijouterie : Le Langage Silencieux des Ornements,Le Langage des Doigts et l'Autorité,"L'anneau, par sa forme circulaire infinie, est le premier vecteur de symbolisme dans l'histoire de l'humanité. Placé sur les doigts, il devient une extension de la volonté. Cette dimension explore comment la topographie de la main influence le message social. L'index, régi par Jupiter, ne porte pas seulement de l'or, mais une déclaration de souveraineté. Comprendre pourquoi les monarques choisissaient ce doigt plutôt qu'un autre permet de saisir la psychologie du pouvoir. En reliant la bague à la fonction de direction, nous posons la pierre angulaire de notre encyclopédie : le bijou n'est pas un accessoire, mais un attribut de l'identité. Cette section définit le cadre théorique pour toutes les catégories de bagues, en expliquant que chaque phalange est une zone de communication non-verbale ancrée dans les rituels de cour et la chiromancie historique.",Symbolisme des bagues par doigt,"Q1: Pourquoi l'index est-il lié au pouvoir ? A: Car il est régi par Jupiter, roi des dieux. Q2: Main gauche ou droite ? A: Gauche pour l'intuition, droite pour l'action. Q3: Signification bague pouce ? A: Volonté et indépendance. Q4: Bague petit doigt ? A: Intelligence et éloquence. Q5: Bague médius ? A: Équilibre et responsabilité."
Joaillerie et Symbolique,L'Encyclopédie des Symboles,L'Énergie des Pierres et la Guérison,"Les pierres précieuses ne sont pas de simples minéraux ; elles sont les archives géologiques des forces de la Terre. Dans cette section, nous établissons le lien entre la structure cristalline et la résonance émotionnelle. La lithothérapie est traitée ici comme une pratique ancestrale où la couleur et la rareté définissent la valeur spirituelle. En connectant les gemmes au corps subtil, nous expliquons pourquoi l'humanité a toujours cherché à porter des ""morceaux de lumière"". Cette base théorique soutient nos guides sur chaque pierre spécifique, en soulignant que le choix d'une gemme est un acte de guérison intentionnel. Le saphir pour la sagesse ou l'émeraude pour le cœur deviennent des talismans qui comblent les manques psychologiques ou amplifient les forces intérieures.",Vertus spirituelles des pierres,"Q1: Comment purifier les pierres ? A: Par l'eau ou la lune pour préserver l'énergie. Q2: L'émeraude et le cœur ? A: Elle harmonise les émotions et apporte la paix. Q3: Saphir et sagesse ? A: Il clarifie l'esprit et la concentration. Q4: Améthyste et sommeil ? A: Elle apaise l'esprit et évite les cauchemars. Q5: Porter plusieurs pierres ? A: Oui, si leurs énergies sont compatibles."
Joaillerie et Symbolique,L'Encyclopédie des Symboles,Totems Sacrés et Protection Antique,"La peur de l'invisible a engendré les plus beaux chefs-d'œuvre de la bijouterie. Cette dimension se concentre sur les talismans protecteurs, tels que l'Œil Bleu ou la Main de Fatma. Nous analysons ici le concept de ""bijou bouclier"". Le symbolisme de protection est universel, transcendant les frontières de la Méditerranée au Moyen-Orient. En décrivant la genèse de ces symboles, nous montrons comment le bijou sert de médiateur entre l'homme et le divin, ou entre le porteur et le ""mauvais œil"". Cette section explique la fonction apotropaïque du bijou : porter un symbole, c'est invoquer une présence protectrice et repousser les énergies négatives à travers des formes géométriques sacrées et des mythes millénaires.",Totems et Protection Antique,"Q1: Signification de l'Œil Bleu ? A: Protection contre la jalousie d'autrui. Q2: Main de Fatma origine ? A: Symbole de protection universel (Hamsa). Q3: Scarabée sacré égyptien ? A: Symbole de renaissance et de cycle éternel. Q4: Arbre de vie ? A: Connexion entre ciel, terre et racines. Q5: Bijou cassé ? A: Signifie qu'il a absorbé un mal à votre place."
Joaillerie et Symbolique,L'Encyclopédie des Symboles,Alchimie des Métaux et Éternité,"L'or et l'argent ne sont pas choisis par hasard ; ils sont les reflets terrestres du Soleil et de la Lune. Cette dimension explore l'alchimie des métaux précieux et leur quête d'immortalité. L'or, inaltérable, symbolise la perfection divine et la vitalité éternelle, tandis que l'argent, lié aux cycles lunaires, représente l'intuition et la pureté. Nous analysons comment le choix du métal modifie la ""température"" symbolique d'un bijou. Cette section établit que le support métallique est le conducteur de l'énergie de la pierre. En comprenant la symbolique des métaux, du platine résistant au cuivre conducteur, le porteur apprend à harmoniser son bijou avec son propre rythme biologique et spirituel.",Métaux et Énergie Alchimique,Q1: Pourquoi l'or est-il sacré ? A: Pour son éclat solaire et son incorruptibilité. Q2: Argent et intuition ? A: Il favorise l'écoute de soi et des rêves. Q3: Or rose signification ? A: Romance et tendresse moderne. Q4: Le platine en bijouterie ? A: Force pure et rareté ultime. Q5: Métal et allergies ? A: L'or pur et le platine sont les plus sûrs.
Joaillerie et Symbolique,L'Encyclopédie des Symboles,Rites de Passage et Mémoire,"Le bijou est le gardien de nos mémoires les plus chères. Cette dimension examine le rôle des ornements dans les transitions majeures de l'existence : naissance, union et deuil. Les bijoux de deuil victoriens ou les bagues de fiançailles ne sont pas de simples cadeaux, mais des ""capsules temporelles"" émotionnelles. Cette section définit le bijou comme un contrat social et spirituel rendu tangible. En portant un bijou de famille ou une alliance, l'individu se connecte à une lignée et à une promesse. Ce texte de pont explique comment les objets précieux cristallisent les moments de passage, transformant l'immatériel de l'amour ou de la perte en une forme physique durable.",Bijoux et Rites de Passage,Q1: Origine de la bague de fiançailles ? A: Un symbole d'engagement éternel (diamant). Q2: Qu'est-ce qu'un bijou de deuil ? A: Un objet porté pour honorer un défunt (ex: jais). Q3: Bijoux de baptême ? A: Marque le début d'un chemin spirituel. Q4: Transmettre un bijou ? A: Passage de l'histoire familiale entre générations. Q5: Bague d'amitié ? A: Engagement non romantique mais loyal.
Joaillerie et Symbolique,L'Encyclopédie des Symboles,"Identité, Style et Sous-cultures","Au-delà des métaux, le bijou est un uniforme de l'âme. Cette dimension explore comment les styles — du gothique au minimalisme — servent de codes de reconnaissance sociale. Le Choker, par exemple, a voyagé de la noblesse aux rébellions punks. Nous analysons ici le bijou comme un outil de différenciation et d'appartenance. Ce texte de pont établit que le choix d'un style est un acte politique et esthétique qui définit la place de l'individu. En comprenant les codes des sous-cultures, le lecteur apprend que porter un bijou est une narration visuelle, un moyen de signaler ses valeurs et ses révoltes sans prononcer un seul mot.",Styles et Identité Sociale,Q1: Pourquoi le Choker est-il iconique ? A: Il oscille entre servitude et haute mode. Q2: Bijoux gothiques symbolisme ? A: Beauté dans l'obscurité et memento mori. Q3: Minimalisme en joaillerie ? A: Focus sur l'essence et la pureté. Q4: Bijoux Punk et rébellion ? A: Détournement d'objets usuels (épingles). Q5: Signification du piercing ? A: Marqueur culturel ou rite moderne.
Joaillerie et Symbolique,L'Encyclopédie des Symboles,"Faune, Flore et Secrets de la Nature","La joaillerie est une célébration de la biophilie. Cette dimension se penche sur l'imitation de la nature — le serpent qui se mord la queue (Ouroboros), la métamorphose du papillon ou la force de l'abeille. Nous analysons ici comment le bijou capture la force vitale des êtres vivants. Ce texte de pont définit les motifs naturalistes comme des totems dynamiques. En portant une plume ou une fleur, l'individu invoque les qualités de liberté ou de renouveau. Cette section rappelle que la joaillerie est notre lien le plus intime avec le monde sauvage, transformant la beauté fugace de la nature en un trésor éternel qui pulse au rythme du corps humain.",Symbolisme de la Nature,"Q1: Pourquoi le serpent en bijoux ? A: Symbole d'amour éternel et de sagesse. Q2: Papillon et transformation ? A: Représente l'âme et le renouveau personnel. Q3: L'abeille de Napoléon ? A: Symbole d'immortalité et d'ordre. Q4: Fleur de lys signification ? A: Royauté et pureté (France). Q5: La plume en joaillerie ? A: Légèreté, liberté et voyage spirituel."
ミニマリスト・デスクセットアップ,ミニマリスト・デスクセットアップの究極ガイド,1. 機能的人間工学 (Functional Ergonomics),ミニマリズムの真髄は、単に物が少ないことではなく、機能と美が高度に融合していることにあります。「90-90-90」の法則（肘、腰、膝を90度に保つ）に基づいた配置は、疲労を最小限に抑えます。モニターアームで画面を視線の高さに合わせることは、健康維持と生産性向上のための不可欠なステップです。,"デスク 人間工学, モニターアーム 位置, 疲れにくい デスクセットアップ",1. モニターの高さは？(目線の高さ) 2. 昇降デスクの利点は？(姿勢の変更) 3. 椅子の選び方は？(腰のサポート) 4. フットレストは必要？(足が着かない場合) 5. キーボードの角度？(A:足が着かない場合)
ミニマリスト・デスクセットアップ,ミニマリスト・デスクセットアップの究極ガイド,2. 色彩理論と素材感 (Color Theory & Materiality),視覚的なノイズを排除するために、一貫性のあるカラーパレットが不可欠です。ホワイトやグレーのニュートラルな配色に、ウォールナット材やフェルト素材を取り入れる「ウォーム・ミニマリズム」は、空間に温かみを与えます。素材の触感（ハプティクス）にこだわることで、集中力を高める上質なワークスペースが完成します。,"ミニマリスト デスク 色, デスクマット 素材, 木目調 デスク インテリア",1. おすすめの色は？(白や木目) 2. マットと光沢どちら？(マット) 3. デスクマットの素材は？(フェルト) 4. アクセントカラーは？(1色に絞る) 5. 照明の色温度は？(4000K前後)
ミニマリスト・デスクセットアップ,ミニマリスト・デスクセットアップの究極ガイド,3. 配線管理の美学 (Cable Management),露出したケーブルは認知的な混乱を招きます。デスク下のトレイやワイヤレス周辺機器、一体型電源タップを活用して「1本も線が見えない」状態を目指すことが、ミニマリスト・デスクの完成度を左右します。視界からケーブルを消し、隠された秩序を構築することで、テクノロジーに邪魔されず思考をよりクリアに保てます。,"デスク 配線 隠す, ケーブルマネジメント 便利グッズ, デスク 整理術",1. 配線を隠すコツは？(デスク下にまとめる) 2. 結束バンドは？(マジックテープ式) 3. 遅延は？(ワイヤレスでも無視可能) 4. 電源タップは？(天板裏に固定) 5. トレーの種類は？(メッシュ製が通気性良)
ミニマリスト・デスクセットアップ,ミニマリスト・デスクセットアップの究極ガイド,4. 照明とサーカディアンリズム (Lighting Design),照明は生産性に直接影響します。モニターライトバーを導入することで、スペースを節約しつつ反射を抑え、目の疲れを軽減します。日中は活動的な光、夜間は暖色系の光へと切り替えることで、サーカディアンリズム（体内時計）を整え、集中とリラックスのオン・オフを明確にします。,"モニターライト メリット, デスク 照明 集中力, サーカディアンリズム 工作",1. ライトバーの効果は？(画面反射軽減) 2. 色温度の選び方？(作業は白、休憩は暖色) 3. 自然光は？(横からの光が最適) 4. 間接照明は？(リラックス用) 5. 演色性(CRI)？(90以上推奨)
ミニマリスト・デスクセットアップ,ミニマリスト・デスクセットアップ的究極ガイド,5. デジタル・ミニマリズム (Digital Minimalism),物理的なデスクトップ同様、PC内の整理も重要です。乱雑なアイコンや不要な通知は脳のエネルギーを消費します。クラウドストレージを活用しデスクトップを空に保つことで、情境切換（Context Switching）のコストを下げます。ウルトラワイドモニター等でマルチウィンドウ環境を効率化し、物理的なデバイス数を最小化します。,"デスクトップ 整理術, デジタルミニマリズム 方法, ウルトラワイド 生産性",1. デスクトップ整理は？(フォルダを隠す) 2. 通知は？(集中モード活用) 3. 壁紙は？(シンプルな単色) 4. クラウドは？(一元管理) 5. モニター数は？(大型1枚がミニマル)
ミニマリスト・デスクセットアップ,ミニマリスト・デスクセットアップ的究極ガイド,6. バイオフィリックデザイン (Biophilic Design),デスクに小さな植物を置くバイオフィリックデザインは、ストレスを軽減し空気の質を改善します。お気に入りの香氛（アロマ）やメカニカルキーボードの打鍵感など、心地よい感覚のアンカーを取り入れることで、脳をスムーズに仕事モードへと導きます。ミニマリズムとは、意図的に選んだ最高のものに囲まれることです。,"デスク 觀葉植物, デスク アロマ 集中力, メカニカルキーボード 仕事",1. おすすめの植物？(サンスベリア) 2. 香りの効果？(ペパーミントで集中) 3. 打鍵感は？(心地よさ重視) 4. 置き場所？(視界に入る位置) 5. 清潔感は？(毎朝の清掃)
ミニマリスト・デスクセットアップ,ミニマリスト・デスクセットアップ的究極ガイド,7. 集中とフローの心理学 (Psychology of Flow),「クリアなデスクはクリアな心」を象徴し、視覚的刺激を減らすことで認知負荷を下げ、フロー状態（没頭状態）に入りやすくします。一日の終わりにデスクをリセットする習慣（End-of-day Reset）は、翌朝の不安を軽減します。デスクセットアップは、知的生産性を最大化するための戦略的な環境構築です。,"集中力 デスク 整理, 生産性向上 ワークスペース, フロー状態 環境",1. フロー状態とは？(没頭状態) 2. 散らかりの影響？(集中力を奪う) 3. 片付けの習慣？(5分のリセット) 4. 最小限の基準？(毎日使うもの) 5. レイアウト？(集中と緩和の調和)
Global Urban Legends Analysis,The Global Encyclopedia of Urban Legends,1. Psychological Foundations & Anxiety,"Urban legends are not merely scary stories; they are ""anxiety containers"" for society. Psychologically, these tales thrive on the ""Friend of a Friend"" (FOAF) effect, which lends a layer of perceived credibility. They often function as cautionary tales, reflecting collective fears regarding safety, health, or technology. By analyzing the psychological triggers—such as the ""disgust reflex"" or ""moral panic""—we can understand why certain stories go viral while others fade. These legends serve a social function by reinforcing community boundaries and shared values through fear.","psychology of urban legends, why do urban legends spread, FOAF effect folklore","1. Why are legends scary? (They trigger primal fears). 2. What is FOAF? (Friend of a Friend credibility). 3. Are legends true? (Usually based on a grain of truth). 4. Do they teach lessons? (Yes, as cautionary tales). 5. Why the ""disgust"" factor? (It makes stories memorable)."
Global Urban Legends Analysis,The Global Encyclopedia of Urban Legends,2. Liminal Spaces & Modern Isolation,"The modern era has birthed ""Liminal Space"" legends, most notably ""The Backrooms."" These tales focus on the unease felt in transitional, empty places like abandoned malls or endless hallways. This dimension explores the ""Uncanny Valley"" of architecture, where familiar environments become alien and hostile. It reflects a modern existential dread—the fear of being ""clipped"" out of reality and trapped in a non-place. This folklore is unique to the digital age, blending physical environment with psychological disorientation.","the backrooms explained, liminal spaces horror psychology, uncanny architecture folklore","1. What are the Backrooms? (A fictional liminal dimension). 2. Why is liminality scary? (Lack of context/purpose). 3. Is it a creepypasta? (Yes, originating on 4chan). 4. Real-life liminal spaces? (Empty airports, hotels). 5. Why popular now? (Reflects modern isolation)."
Global Urban Legends Analysis,The Global Encyclopedia of Urban Legends,3. Cryptids & Biological Anomalies,"Cryptids like the Mothman, Bigfoot, or the Chupacabra represent the bridge between folklore and pseudoscience. These legends often manifest in specific geographic regions, acting as modern ""monsters"" that haunt the fringes of civilization. This dimension analyzes the eyewitness phenomenon and the cultural specificities of cryptids. For example, the Mothman is tied to disaster omens, while the Chupacabra reflects local agricultural anxieties. These stories persist because they satisfy our desire for mystery in an overly mapped world.","mothman sightings history, chupacabra origins, cryptozoology vs folklore","1. Are cryptids real? (No scientific proof yet). 2. Mothman location? (Point Pleasant, WV). 3. What is cryptozoology? (Study of hidden animals). 4. Why call them omens? (Linked to historical disasters). 5. Famous cryptid list? (Bigfoot, Loch Ness, Yeti)."
Global Urban Legends Analysis,The Global Encyclopedia of Urban Legends,4. Digital Folklore & Creepypastas,"The internet has accelerated the evolution of folklore through ""Creepypastas."" Legends like Slender Man or the Momo Challenge are ""open-source"" myths, where the community contributes to the lore in real-time. This dimension explores how digital media distorts reality, leading to real-world consequences (e.g., the Slender Man stabbing). It analyzes the shift from oral tradition to viral text, where the medium itself adds to the horror through glitches, ""lost"" footage, and deep-web mysteries.","slender man origins, best creepypastas of all time, digital folklore evolution","1. What is a creepypasta? (Horror copy-paste stories). 2. Is Slender Man real? (Created for an art contest). 3. Dangerous internet legends? (Momo, Blue Whale). 4. Why ""pasta""? (From ""copy-paste""). 5. Scariest digital myths? (Smile Dog, Jeff the Killer)."
Global Urban Legends Analysis,The Global Encyclopedia of Urban Legends,5. Rituals & Forbidden Games,"Ritualistic legends like ""Bloody Mary"" or ""Hitori Kakurenbo"" (One-Man Hide and Seek) involve a test of courage. These legends provide a set of rules to summon the supernatural, bridging the gap between belief and action. This dimension focuses on the performative aspect of folklore—the ""Legend-Tripping."" It analyzes why adolescents are particularly drawn to these games as a form of rite of passage, exploring the psychological thrill of voluntary confrontation with the unknown.","bloody mary ritual legend, forbidden urban legend games, legend tripping psychology",1. Who is Bloody Mary? (Historical/folklore ghost). 2. How to play ritual games? (Warning: Don't). 3. Is Legend Tripping safe? (Can lead to trespassing). 4. Why play these games? (Adrenaline and social bonding). 5. One-Man Hide and Seek? (Japanese ritual game).
Global Urban Legends Analysis,The Global Encyclopedia of Urban Legends,6. Moral Panics & Societal Fears,"Many urban legends are manifestations of ""Moral Panics""—generalized fears that someone or something threatens the values of society. Tales of organ harvesting, poisoned Halloween candy, or kidnapping rings in white vans reflect deep-seated mistrust in strangers and institutional decay. This dimension explores how these legends are weaponized during periods of social change. It analyzes the role of the media in amplifying these myths, often leading to real-world hysteria and legal repercussions despite a lack of evidence.","moral panic urban legends, organ harvesting myths, social fear folklore","1. Is poisoned candy real? (Statistically non-existent). 2. Why ""white vans""? (Common vehicle, blank slate). 3. Famous moral panics? (Satanic Panic, Killer Clowns). 4. Do legends target groups? (Often marginalized groups). 5. How to stop hysteria? (Fact-checking and logic)."
Global Urban Legends Analysis,The Global Encyclopedia of Urban Legends,7. Cross-Cultural Comparative Folklore,"This dimension compares how legends differ across cultures while maintaining similar themes. For instance, the ""Woman in White"" archetype appears in various forms: the ""Kuchisake-onna"" in Japan, ""La Llorona"" in Mexico, and ""Pontianak"" in Southeast Asia. It analyzes how local history, religion, and gender roles shape these narratives. By studying these variations, we uncover universal human fears—such as maternal grief, infidelity, or social exclusion—translated into unique cultural metaphors.","cross cultural urban legends, kuchisake onna vs la llorona, pontianak folklore origins","1. Who is La Llorona? (Weeping woman of Mexico). 2. Kuchisake-onna story? (Slit-mouthed woman of Japan). 3. What is a Pontianak? (Vengeful female spirit). 4. Universal themes? (Vengeance, loss, betrayal). 5. Why female ghosts? (Reflects gender anxieties)."